"# Source: Downey et al. 2024 Hum Brain Mapp, PMID 39720868, PMC11669040, Supplementary Table 1 (HBM-45-e70118-s001.docx, from https://www.ebi.ac.uk/europepmc/webservices/rest/PMC11669040/supplementaryFiles). Caption: ""Representation of each digit by array ... whether it overlaid a functional map of a given digit and what percentage of electrodes evoked a projected field on that digit. Percentages do not sum to 100, as projected fields for a single electrode could include multiple digits."" Hand segments reported <30% of the time on a channel were excluded (paper methods). Map ""--"" as in source (digit not tested in imaging). Transcribed verbatim."
participant,array,digit,functional_map_overlaid,pct_electrodes_with_PF_on_digit
C1,Medial,D1,No,0.0
C1,Medial,D2,No,50.0
C1,Medial,D3,Yes,100.0
C1,Medial,D4,Yes,50.0
C1,Medial,D5,Yes,3.3
C1,Lateral,D1,Yes,28.6
C1,Lateral,D2,Yes,92.9
C1,Lateral,D3,No,17.9
C1,Lateral,D4,No,14.3
C1,Lateral,D5,No,0.0
C2,Medial,D1,Yes,10.0
C2,Medial,D2,Yes,86.7
C2,Medial,D3,--,93.3
C2,Medial,D4,Yes,86.7
C2,Medial,D5,--,36.7
C2,Lateral,D1,Yes,15.4
C2,Lateral,D2,Yes,84.6
C2,Lateral,D3,--,96.2
C2,Lateral,D4,Yes,92.3
C2,Lateral,D5,--,53.8
P2,Medial,D1,No,0.0
P2,Medial,D2,Yes,16.1
P2,Medial,D3,--,61.3
P2,Medial,D4,--,100.0
P2,Medial,D5,Yes,100.0
P2,Lateral,D1,Yes,70.0
P2,Lateral,D2,Yes,93.3
P2,Lateral,D3,--,93.3
P2,Lateral,D4,--,86.7
P2,Lateral,D5,No,43.3
P3,Medial,D1,Yes,22.6
P3,Medial,D2,Yes,71.0
P3,Medial,D3,Yes,100.0
P3,Medial,D4,No,74.2
P3,Medial,D5,No,35.5
P3,Lateral,D1,Yes,45.2
P3,Lateral,D2,Yes,96.8
P3,Lateral,D3,No,67.7
P3,Lateral,D4,No,41.9
P3,Lateral,D5,No,22.6
P4,Medial,D1,No,4.5
P4,Medial,D2,Yes,0.0
P4,Medial,D3,Yes,0.0
P4,Medial,D4,No,13.6
P4,Medial,D5,No,100.0
P4,Lateral,D1,Yes,46.7
P4,Lateral,D2,Yes,86.7
P4,Lateral,D3,No,100.0
P4,Lateral,D4,No,73.3
P4,Lateral,D5,No,26.7
