subject_code,array_index,array_name,array_rotation_deg,row,col,x_mm,y_mm,channel_label,wired
BCI02,2,MedialSensory,-105,0,0,0.0,0.0,65,1
BCI02,2,MedialSensory,-105,0,1,0.4,0.0,,0
BCI02,2,MedialSensory,-105,0,2,0.8,0.0,72,1
BCI02,2,MedialSensory,-105,0,3,1.2,0.0,,0
BCI02,2,MedialSensory,-105,0,4,1.6,0.0,85,1
BCI02,2,MedialSensory,-105,0,5,2.0,0.0,91,1
BCI02,2,MedialSensory,-105,1,0,0.0,0.4,,0
BCI02,2,MedialSensory,-105,1,1,0.4,0.4,77,1
BCI02,2,MedialSensory,-105,1,2,0.8,0.4,,0
BCI02,2,MedialSensory,-105,1,3,1.2,0.4,81,1
BCI02,2,MedialSensory,-105,1,4,1.6,0.4,,0
BCI02,2,MedialSensory,-105,1,5,2.0,0.4,92,1
BCI02,2,MedialSensory,-105,2,0,0.0,0.8,67,1
BCI02,2,MedialSensory,-105,2,1,0.4,0.8,,0
BCI02,2,MedialSensory,-105,2,2,0.8,0.8,74,1
BCI02,2,MedialSensory,-105,2,3,1.2,0.8,,0
BCI02,2,MedialSensory,-105,2,4,1.6,0.8,87,1
BCI02,2,MedialSensory,-105,2,5,2.0,0.8,,0
BCI02,2,MedialSensory,-105,3,0,0.0,1.2,,0
BCI02,2,MedialSensory,-105,3,1,0.4,1.2,79,1
BCI02,2,MedialSensory,-105,3,2,0.8,1.2,,0
BCI02,2,MedialSensory,-105,3,3,1.2,1.2,82,1
BCI02,2,MedialSensory,-105,3,4,1.6,1.2,,0
BCI02,2,MedialSensory,-105,3,5,2.0,1.2,93,1
BCI02,2,MedialSensory,-105,4,0,0.0,1.6,69,1
BCI02,2,MedialSensory,-105,4,1,0.4,1.6,,0
BCI02,2,MedialSensory,-105,4,2,0.8,1.6,76,1
BCI02,2,MedialSensory,-105,4,3,1.2,1.6,,0
BCI02,2,MedialSensory,-105,4,4,1.6,1.6,88,1
BCI02,2,MedialSensory,-105,4,5,2.0,1.6,,0
BCI02,2,MedialSensory,-105,5,0,0.0,2.0,,0
BCI02,2,MedialSensory,-105,5,1,0.4,2.0,66,1
BCI02,2,MedialSensory,-105,5,2,0.8,2.0,,0
BCI02,2,MedialSensory,-105,5,3,1.2,2.0,84,1
BCI02,2,MedialSensory,-105,5,4,1.6,2.0,,0
BCI02,2,MedialSensory,-105,5,5,2.0,2.0,94,1
BCI02,2,MedialSensory,-105,6,0,0.0,2.4,71,1
BCI02,2,MedialSensory,-105,6,1,0.4,2.4,,0
BCI02,2,MedialSensory,-105,6,2,0.8,2.4,78,1
BCI02,2,MedialSensory,-105,6,3,1.2,2.4,,0
BCI02,2,MedialSensory,-105,6,4,1.6,2.4,89,1
BCI02,2,MedialSensory,-105,6,5,2.0,2.4,,0
BCI02,2,MedialSensory,-105,7,0,0.0,2.8,,0
BCI02,2,MedialSensory,-105,7,1,0.4,2.8,68,1
BCI02,2,MedialSensory,-105,7,2,0.8,2.8,,0
BCI02,2,MedialSensory,-105,7,3,1.2,2.8,83,1
BCI02,2,MedialSensory,-105,7,4,1.6,2.8,,0
BCI02,2,MedialSensory,-105,7,5,2.0,2.8,96,1
BCI02,2,MedialSensory,-105,8,0,0.0,3.2,73,1
BCI02,2,MedialSensory,-105,8,1,0.4,3.2,,0
BCI02,2,MedialSensory,-105,8,2,0.8,3.2,80,1
BCI02,2,MedialSensory,-105,8,3,1.2,3.2,,0
BCI02,2,MedialSensory,-105,8,4,1.6,3.2,90,1
BCI02,2,MedialSensory,-105,8,5,2.0,3.2,,0
BCI02,2,MedialSensory,-105,9,0,0.0,3.6,75,1
BCI02,2,MedialSensory,-105,9,1,0.4,3.6,70,1
BCI02,2,MedialSensory,-105,9,2,0.8,3.6,,0
BCI02,2,MedialSensory,-105,9,3,1.2,3.6,86,1
BCI02,2,MedialSensory,-105,9,4,1.6,3.6,,0
BCI02,2,MedialSensory,-105,9,5,2.0,3.6,95,1
BCI02,4,LateralSensory,45,0,0,0.0,0.0,193,1
BCI02,4,LateralSensory,45,0,1,0.4,0.0,,0
BCI02,4,LateralSensory,45,0,2,0.8,0.0,200,1
BCI02,4,LateralSensory,45,0,3,1.2,0.0,,0
BCI02,4,LateralSensory,45,0,4,1.6,0.0,213,1
BCI02,4,LateralSensory,45,0,5,2.0,0.0,219,1
BCI02,4,LateralSensory,45,1,0,0.0,0.4,,0
BCI02,4,LateralSensory,45,1,1,0.4,0.4,205,1
BCI02,4,LateralSensory,45,1,2,0.8,0.4,,0
BCI02,4,LateralSensory,45,1,3,1.2,0.4,209,1
BCI02,4,LateralSensory,45,1,4,1.6,0.4,,0
BCI02,4,LateralSensory,45,1,5,2.0,0.4,220,1
BCI02,4,LateralSensory,45,2,0,0.0,0.8,195,1
BCI02,4,LateralSensory,45,2,1,0.4,0.8,,0
BCI02,4,LateralSensory,45,2,2,0.8,0.8,202,1
BCI02,4,LateralSensory,45,2,3,1.2,0.8,,0
BCI02,4,LateralSensory,45,2,4,1.6,0.8,215,1
BCI02,4,LateralSensory,45,2,5,2.0,0.8,,0
BCI02,4,LateralSensory,45,3,0,0.0,1.2,,0
BCI02,4,LateralSensory,45,3,1,0.4,1.2,207,1
BCI02,4,LateralSensory,45,3,2,0.8,1.2,,0
BCI02,4,LateralSensory,45,3,3,1.2,1.2,210,1
BCI02,4,LateralSensory,45,3,4,1.6,1.2,,0
BCI02,4,LateralSensory,45,3,5,2.0,1.2,221,1
BCI02,4,LateralSensory,45,4,0,0.0,1.6,197,1
BCI02,4,LateralSensory,45,4,1,0.4,1.6,,0
BCI02,4,LateralSensory,45,4,2,0.8,1.6,204,1
BCI02,4,LateralSensory,45,4,3,1.2,1.6,,0
BCI02,4,LateralSensory,45,4,4,1.6,1.6,216,1
BCI02,4,LateralSensory,45,4,5,2.0,1.6,,0
BCI02,4,LateralSensory,45,5,0,0.0,2.0,,0
BCI02,4,LateralSensory,45,5,1,0.4,2.0,194,1
BCI02,4,LateralSensory,45,5,2,0.8,2.0,,0
BCI02,4,LateralSensory,45,5,3,1.2,2.0,212,1
BCI02,4,LateralSensory,45,5,4,1.6,2.0,,0
BCI02,4,LateralSensory,45,5,5,2.0,2.0,222,1
BCI02,4,LateralSensory,45,6,0,0.0,2.4,199,1
BCI02,4,LateralSensory,45,6,1,0.4,2.4,,0
BCI02,4,LateralSensory,45,6,2,0.8,2.4,206,1
BCI02,4,LateralSensory,45,6,3,1.2,2.4,,0
BCI02,4,LateralSensory,45,6,4,1.6,2.4,217,1
BCI02,4,LateralSensory,45,6,5,2.0,2.4,,0
BCI02,4,LateralSensory,45,7,0,0.0,2.8,,0
BCI02,4,LateralSensory,45,7,1,0.4,2.8,196,1
BCI02,4,LateralSensory,45,7,2,0.8,2.8,,0
BCI02,4,LateralSensory,45,7,3,1.2,2.8,211,1
BCI02,4,LateralSensory,45,7,4,1.6,2.8,,0
BCI02,4,LateralSensory,45,7,5,2.0,2.8,224,1
BCI02,4,LateralSensory,45,8,0,0.0,3.2,201,1
BCI02,4,LateralSensory,45,8,1,0.4,3.2,,0
BCI02,4,LateralSensory,45,8,2,0.8,3.2,208,1
BCI02,4,LateralSensory,45,8,3,1.2,3.2,,0
BCI02,4,LateralSensory,45,8,4,1.6,3.2,218,1
BCI02,4,LateralSensory,45,8,5,2.0,3.2,,0
BCI02,4,LateralSensory,45,9,0,0.0,3.6,203,1
BCI02,4,LateralSensory,45,9,1,0.4,3.6,198,1
BCI02,4,LateralSensory,45,9,2,0.8,3.6,,0
BCI02,4,LateralSensory,45,9,3,1.2,3.6,214,1
BCI02,4,LateralSensory,45,9,4,1.6,3.6,,0
BCI02,4,LateralSensory,45,9,5,2.0,3.6,223,1
BCI03,2,MedialSensory,170,0,0,0.0,0.0,65,1
BCI03,2,MedialSensory,170,0,1,0.4,0.0,,0
BCI03,2,MedialSensory,170,0,2,0.8,0.0,72,1
BCI03,2,MedialSensory,170,0,3,1.2,0.0,,0
BCI03,2,MedialSensory,170,0,4,1.6,0.0,85,1
BCI03,2,MedialSensory,170,0,5,2.0,0.0,91,1
BCI03,2,MedialSensory,170,1,0,0.0,0.4,,0
BCI03,2,MedialSensory,170,1,1,0.4,0.4,77,1
BCI03,2,MedialSensory,170,1,2,0.8,0.4,,0
BCI03,2,MedialSensory,170,1,3,1.2,0.4,81,1
BCI03,2,MedialSensory,170,1,4,1.6,0.4,,0
BCI03,2,MedialSensory,170,1,5,2.0,0.4,92,1
BCI03,2,MedialSensory,170,2,0,0.0,0.8,67,1
BCI03,2,MedialSensory,170,2,1,0.4,0.8,,0
BCI03,2,MedialSensory,170,2,2,0.8,0.8,74,1
BCI03,2,MedialSensory,170,2,3,1.2,0.8,,0
BCI03,2,MedialSensory,170,2,4,1.6,0.8,87,1
BCI03,2,MedialSensory,170,2,5,2.0,0.8,,0
BCI03,2,MedialSensory,170,3,0,0.0,1.2,,0
BCI03,2,MedialSensory,170,3,1,0.4,1.2,79,1
BCI03,2,MedialSensory,170,3,2,0.8,1.2,,0
BCI03,2,MedialSensory,170,3,3,1.2,1.2,82,1
BCI03,2,MedialSensory,170,3,4,1.6,1.2,,0
BCI03,2,MedialSensory,170,3,5,2.0,1.2,93,1
BCI03,2,MedialSensory,170,4,0,0.0,1.6,69,1
BCI03,2,MedialSensory,170,4,1,0.4,1.6,,0
BCI03,2,MedialSensory,170,4,2,0.8,1.6,76,1
BCI03,2,MedialSensory,170,4,3,1.2,1.6,,0
BCI03,2,MedialSensory,170,4,4,1.6,1.6,88,1
BCI03,2,MedialSensory,170,4,5,2.0,1.6,,0
BCI03,2,MedialSensory,170,5,0,0.0,2.0,,0
BCI03,2,MedialSensory,170,5,1,0.4,2.0,66,1
BCI03,2,MedialSensory,170,5,2,0.8,2.0,,0
BCI03,2,MedialSensory,170,5,3,1.2,2.0,84,1
BCI03,2,MedialSensory,170,5,4,1.6,2.0,,0
BCI03,2,MedialSensory,170,5,5,2.0,2.0,94,1
BCI03,2,MedialSensory,170,6,0,0.0,2.4,71,1
BCI03,2,MedialSensory,170,6,1,0.4,2.4,,0
BCI03,2,MedialSensory,170,6,2,0.8,2.4,78,1
BCI03,2,MedialSensory,170,6,3,1.2,2.4,,0
BCI03,2,MedialSensory,170,6,4,1.6,2.4,89,1
BCI03,2,MedialSensory,170,6,5,2.0,2.4,,0
BCI03,2,MedialSensory,170,7,0,0.0,2.8,,0
BCI03,2,MedialSensory,170,7,1,0.4,2.8,68,1
BCI03,2,MedialSensory,170,7,2,0.8,2.8,,0
BCI03,2,MedialSensory,170,7,3,1.2,2.8,83,1
BCI03,2,MedialSensory,170,7,4,1.6,2.8,,0
BCI03,2,MedialSensory,170,7,5,2.0,2.8,96,1
BCI03,2,MedialSensory,170,8,0,0.0,3.2,73,1
BCI03,2,MedialSensory,170,8,1,0.4,3.2,,0
BCI03,2,MedialSensory,170,8,2,0.8,3.2,80,1
BCI03,2,MedialSensory,170,8,3,1.2,3.2,,0
BCI03,2,MedialSensory,170,8,4,1.6,3.2,90,1
BCI03,2,MedialSensory,170,8,5,2.0,3.2,,0
BCI03,2,MedialSensory,170,9,0,0.0,3.6,75,1
BCI03,2,MedialSensory,170,9,1,0.4,3.6,70,1
BCI03,2,MedialSensory,170,9,2,0.8,3.6,,0
BCI03,2,MedialSensory,170,9,3,1.2,3.6,86,1
BCI03,2,MedialSensory,170,9,4,1.6,3.6,,0
BCI03,2,MedialSensory,170,9,5,2.0,3.6,95,1
BCI03,4,LateralSensory,-70,0,0,0.0,0.0,193,1
BCI03,4,LateralSensory,-70,0,1,0.4,0.0,,0
BCI03,4,LateralSensory,-70,0,2,0.8,0.0,200,1
BCI03,4,LateralSensory,-70,0,3,1.2,0.0,,0
BCI03,4,LateralSensory,-70,0,4,1.6,0.0,213,1
BCI03,4,LateralSensory,-70,0,5,2.0,0.0,219,1
BCI03,4,LateralSensory,-70,1,0,0.0,0.4,,0
BCI03,4,LateralSensory,-70,1,1,0.4,0.4,205,1
BCI03,4,LateralSensory,-70,1,2,0.8,0.4,,0
BCI03,4,LateralSensory,-70,1,3,1.2,0.4,209,1
BCI03,4,LateralSensory,-70,1,4,1.6,0.4,,0
BCI03,4,LateralSensory,-70,1,5,2.0,0.4,220,1
BCI03,4,LateralSensory,-70,2,0,0.0,0.8,195,1
BCI03,4,LateralSensory,-70,2,1,0.4,0.8,,0
BCI03,4,LateralSensory,-70,2,2,0.8,0.8,202,1
BCI03,4,LateralSensory,-70,2,3,1.2,0.8,,0
BCI03,4,LateralSensory,-70,2,4,1.6,0.8,215,1
BCI03,4,LateralSensory,-70,2,5,2.0,0.8,,0
BCI03,4,LateralSensory,-70,3,0,0.0,1.2,,0
BCI03,4,LateralSensory,-70,3,1,0.4,1.2,207,1
BCI03,4,LateralSensory,-70,3,2,0.8,1.2,,0
BCI03,4,LateralSensory,-70,3,3,1.2,1.2,210,1
BCI03,4,LateralSensory,-70,3,4,1.6,1.2,,0
BCI03,4,LateralSensory,-70,3,5,2.0,1.2,221,1
BCI03,4,LateralSensory,-70,4,0,0.0,1.6,197,1
BCI03,4,LateralSensory,-70,4,1,0.4,1.6,,0
BCI03,4,LateralSensory,-70,4,2,0.8,1.6,204,1
BCI03,4,LateralSensory,-70,4,3,1.2,1.6,,0
BCI03,4,LateralSensory,-70,4,4,1.6,1.6,216,1
BCI03,4,LateralSensory,-70,4,5,2.0,1.6,,0
BCI03,4,LateralSensory,-70,5,0,0.0,2.0,,0
BCI03,4,LateralSensory,-70,5,1,0.4,2.0,194,1
BCI03,4,LateralSensory,-70,5,2,0.8,2.0,,0
BCI03,4,LateralSensory,-70,5,3,1.2,2.0,212,1
BCI03,4,LateralSensory,-70,5,4,1.6,2.0,,0
BCI03,4,LateralSensory,-70,5,5,2.0,2.0,222,1
BCI03,4,LateralSensory,-70,6,0,0.0,2.4,199,1
BCI03,4,LateralSensory,-70,6,1,0.4,2.4,,0
BCI03,4,LateralSensory,-70,6,2,0.8,2.4,206,1
BCI03,4,LateralSensory,-70,6,3,1.2,2.4,,0
BCI03,4,LateralSensory,-70,6,4,1.6,2.4,217,1
BCI03,4,LateralSensory,-70,6,5,2.0,2.4,,0
BCI03,4,LateralSensory,-70,7,0,0.0,2.8,,0
BCI03,4,LateralSensory,-70,7,1,0.4,2.8,196,1
BCI03,4,LateralSensory,-70,7,2,0.8,2.8,,0
BCI03,4,LateralSensory,-70,7,3,1.2,2.8,211,1
BCI03,4,LateralSensory,-70,7,4,1.6,2.8,,0
BCI03,4,LateralSensory,-70,7,5,2.0,2.8,224,1
BCI03,4,LateralSensory,-70,8,0,0.0,3.2,201,1
BCI03,4,LateralSensory,-70,8,1,0.4,3.2,,0
BCI03,4,LateralSensory,-70,8,2,0.8,3.2,208,1
BCI03,4,LateralSensory,-70,8,3,1.2,3.2,,0
BCI03,4,LateralSensory,-70,8,4,1.6,3.2,218,1
BCI03,4,LateralSensory,-70,8,5,2.0,3.2,,0
BCI03,4,LateralSensory,-70,9,0,0.0,3.6,203,1
BCI03,4,LateralSensory,-70,9,1,0.4,3.6,198,1
BCI03,4,LateralSensory,-70,9,2,0.8,3.6,,0
BCI03,4,LateralSensory,-70,9,3,1.2,3.6,214,1
BCI03,4,LateralSensory,-70,9,4,1.6,3.6,,0
BCI03,4,LateralSensory,-70,9,5,2.0,3.6,223,1
CRS07,2,LateralSensory,75,0,0,0.0,0.0,65,1
CRS07,2,LateralSensory,75,0,1,0.4,0.0,,0
CRS07,2,LateralSensory,75,0,2,0.8,0.0,72,1
CRS07,2,LateralSensory,75,0,3,1.2,0.0,,0
CRS07,2,LateralSensory,75,0,4,1.6,0.0,85,1
CRS07,2,LateralSensory,75,0,5,2.0,0.0,91,1
CRS07,2,LateralSensory,75,1,0,0.0,0.4,,0
CRS07,2,LateralSensory,75,1,1,0.4,0.4,77,1
CRS07,2,LateralSensory,75,1,2,0.8,0.4,,0
CRS07,2,LateralSensory,75,1,3,1.2,0.4,81,1
CRS07,2,LateralSensory,75,1,4,1.6,0.4,,0
CRS07,2,LateralSensory,75,1,5,2.0,0.4,92,1
CRS07,2,LateralSensory,75,2,0,0.0,0.8,67,1
CRS07,2,LateralSensory,75,2,1,0.4,0.8,,0
CRS07,2,LateralSensory,75,2,2,0.8,0.8,74,1
CRS07,2,LateralSensory,75,2,3,1.2,0.8,,0
CRS07,2,LateralSensory,75,2,4,1.6,0.8,87,1
CRS07,2,LateralSensory,75,2,5,2.0,0.8,,0
CRS07,2,LateralSensory,75,3,0,0.0,1.2,,0
CRS07,2,LateralSensory,75,3,1,0.4,1.2,79,1
CRS07,2,LateralSensory,75,3,2,0.8,1.2,,0
CRS07,2,LateralSensory,75,3,3,1.2,1.2,82,1
CRS07,2,LateralSensory,75,3,4,1.6,1.2,,0
CRS07,2,LateralSensory,75,3,5,2.0,1.2,93,1
CRS07,2,LateralSensory,75,4,0,0.0,1.6,69,1
CRS07,2,LateralSensory,75,4,1,0.4,1.6,,0
CRS07,2,LateralSensory,75,4,2,0.8,1.6,76,1
CRS07,2,LateralSensory,75,4,3,1.2,1.6,,0
CRS07,2,LateralSensory,75,4,4,1.6,1.6,88,1
CRS07,2,LateralSensory,75,4,5,2.0,1.6,,0
CRS07,2,LateralSensory,75,5,0,0.0,2.0,,0
CRS07,2,LateralSensory,75,5,1,0.4,2.0,66,1
CRS07,2,LateralSensory,75,5,2,0.8,2.0,,0
CRS07,2,LateralSensory,75,5,3,1.2,2.0,84,1
CRS07,2,LateralSensory,75,5,4,1.6,2.0,,0
CRS07,2,LateralSensory,75,5,5,2.0,2.0,94,1
CRS07,2,LateralSensory,75,6,0,0.0,2.4,71,1
CRS07,2,LateralSensory,75,6,1,0.4,2.4,,0
CRS07,2,LateralSensory,75,6,2,0.8,2.4,78,1
CRS07,2,LateralSensory,75,6,3,1.2,2.4,,0
CRS07,2,LateralSensory,75,6,4,1.6,2.4,89,1
CRS07,2,LateralSensory,75,6,5,2.0,2.4,,0
CRS07,2,LateralSensory,75,7,0,0.0,2.8,,0
CRS07,2,LateralSensory,75,7,1,0.4,2.8,68,1
CRS07,2,LateralSensory,75,7,2,0.8,2.8,,0
CRS07,2,LateralSensory,75,7,3,1.2,2.8,83,1
CRS07,2,LateralSensory,75,7,4,1.6,2.8,,0
CRS07,2,LateralSensory,75,7,5,2.0,2.8,96,1
CRS07,2,LateralSensory,75,8,0,0.0,3.2,73,1
CRS07,2,LateralSensory,75,8,1,0.4,3.2,,0
CRS07,2,LateralSensory,75,8,2,0.8,3.2,80,1
CRS07,2,LateralSensory,75,8,3,1.2,3.2,,0
CRS07,2,LateralSensory,75,8,4,1.6,3.2,90,1
CRS07,2,LateralSensory,75,8,5,2.0,3.2,,0
CRS07,2,LateralSensory,75,9,0,0.0,3.6,75,1
CRS07,2,LateralSensory,75,9,1,0.4,3.6,70,1
CRS07,2,LateralSensory,75,9,2,0.8,3.6,,0
CRS07,2,LateralSensory,75,9,3,1.2,3.6,86,1
CRS07,2,LateralSensory,75,9,4,1.6,3.6,,0
CRS07,2,LateralSensory,75,9,5,2.0,3.6,95,1
CRS07,4,MedialSensory,-10,0,0,0.0,0.0,193,1
CRS07,4,MedialSensory,-10,0,1,0.4,0.0,,0
CRS07,4,MedialSensory,-10,0,2,0.8,0.0,200,1
CRS07,4,MedialSensory,-10,0,3,1.2,0.0,,0
CRS07,4,MedialSensory,-10,0,4,1.6,0.0,213,1
CRS07,4,MedialSensory,-10,0,5,2.0,0.0,219,1
CRS07,4,MedialSensory,-10,1,0,0.0,0.4,,0
CRS07,4,MedialSensory,-10,1,1,0.4,0.4,205,1
CRS07,4,MedialSensory,-10,1,2,0.8,0.4,,0
CRS07,4,MedialSensory,-10,1,3,1.2,0.4,209,1
CRS07,4,MedialSensory,-10,1,4,1.6,0.4,,0
CRS07,4,MedialSensory,-10,1,5,2.0,0.4,220,1
CRS07,4,MedialSensory,-10,2,0,0.0,0.8,195,1
CRS07,4,MedialSensory,-10,2,1,0.4,0.8,,0
CRS07,4,MedialSensory,-10,2,2,0.8,0.8,202,1
CRS07,4,MedialSensory,-10,2,3,1.2,0.8,,0
CRS07,4,MedialSensory,-10,2,4,1.6,0.8,215,1
CRS07,4,MedialSensory,-10,2,5,2.0,0.8,,0
CRS07,4,MedialSensory,-10,3,0,0.0,1.2,,0
CRS07,4,MedialSensory,-10,3,1,0.4,1.2,207,1
CRS07,4,MedialSensory,-10,3,2,0.8,1.2,,0
CRS07,4,MedialSensory,-10,3,3,1.2,1.2,210,1
CRS07,4,MedialSensory,-10,3,4,1.6,1.2,,0
CRS07,4,MedialSensory,-10,3,5,2.0,1.2,221,1
CRS07,4,MedialSensory,-10,4,0,0.0,1.6,197,1
CRS07,4,MedialSensory,-10,4,1,0.4,1.6,,0
CRS07,4,MedialSensory,-10,4,2,0.8,1.6,204,1
CRS07,4,MedialSensory,-10,4,3,1.2,1.6,,0
CRS07,4,MedialSensory,-10,4,4,1.6,1.6,216,1
CRS07,4,MedialSensory,-10,4,5,2.0,1.6,,0
CRS07,4,MedialSensory,-10,5,0,0.0,2.0,,0
CRS07,4,MedialSensory,-10,5,1,0.4,2.0,194,1
CRS07,4,MedialSensory,-10,5,2,0.8,2.0,,0
CRS07,4,MedialSensory,-10,5,3,1.2,2.0,212,1
CRS07,4,MedialSensory,-10,5,4,1.6,2.0,,0
CRS07,4,MedialSensory,-10,5,5,2.0,2.0,222,1
CRS07,4,MedialSensory,-10,6,0,0.0,2.4,199,1
CRS07,4,MedialSensory,-10,6,1,0.4,2.4,,0
CRS07,4,MedialSensory,-10,6,2,0.8,2.4,206,1
CRS07,4,MedialSensory,-10,6,3,1.2,2.4,,0
CRS07,4,MedialSensory,-10,6,4,1.6,2.4,217,1
CRS07,4,MedialSensory,-10,6,5,2.0,2.4,,0
CRS07,4,MedialSensory,-10,7,0,0.0,2.8,,0
CRS07,4,MedialSensory,-10,7,1,0.4,2.8,196,1
CRS07,4,MedialSensory,-10,7,2,0.8,2.8,,0
CRS07,4,MedialSensory,-10,7,3,1.2,2.8,211,1
CRS07,4,MedialSensory,-10,7,4,1.6,2.8,,0
CRS07,4,MedialSensory,-10,7,5,2.0,2.8,224,1
CRS07,4,MedialSensory,-10,8,0,0.0,3.2,201,1
CRS07,4,MedialSensory,-10,8,1,0.4,3.2,,0
CRS07,4,MedialSensory,-10,8,2,0.8,3.2,208,1
CRS07,4,MedialSensory,-10,8,3,1.2,3.2,,0
CRS07,4,MedialSensory,-10,8,4,1.6,3.2,218,1
CRS07,4,MedialSensory,-10,8,5,2.0,3.2,,0
CRS07,4,MedialSensory,-10,9,0,0.0,3.6,203,1
CRS07,4,MedialSensory,-10,9,1,0.4,3.6,198,1
CRS07,4,MedialSensory,-10,9,2,0.8,3.6,,0
CRS07,4,MedialSensory,-10,9,3,1.2,3.6,214,1
CRS07,4,MedialSensory,-10,9,4,1.6,3.6,,0
CRS07,4,MedialSensory,-10,9,5,2.0,3.6,223,1
CRS08,2,LateralSensory,95,0,0,0.0,0.0,65,1
CRS08,2,LateralSensory,95,0,1,0.4,0.0,,0
CRS08,2,LateralSensory,95,0,2,0.8,0.0,72,1
CRS08,2,LateralSensory,95,0,3,1.2,0.0,,0
CRS08,2,LateralSensory,95,0,4,1.6,0.0,85,1
CRS08,2,LateralSensory,95,0,5,2.0,0.0,91,1
CRS08,2,LateralSensory,95,1,0,0.0,0.4,,0
CRS08,2,LateralSensory,95,1,1,0.4,0.4,77,1
CRS08,2,LateralSensory,95,1,2,0.8,0.4,,0
CRS08,2,LateralSensory,95,1,3,1.2,0.4,81,1
CRS08,2,LateralSensory,95,1,4,1.6,0.4,,0
CRS08,2,LateralSensory,95,1,5,2.0,0.4,92,1
CRS08,2,LateralSensory,95,2,0,0.0,0.8,67,1
CRS08,2,LateralSensory,95,2,1,0.4,0.8,,0
CRS08,2,LateralSensory,95,2,2,0.8,0.8,74,1
CRS08,2,LateralSensory,95,2,3,1.2,0.8,,0
CRS08,2,LateralSensory,95,2,4,1.6,0.8,87,1
CRS08,2,LateralSensory,95,2,5,2.0,0.8,,0
CRS08,2,LateralSensory,95,3,0,0.0,1.2,,0
CRS08,2,LateralSensory,95,3,1,0.4,1.2,79,1
CRS08,2,LateralSensory,95,3,2,0.8,1.2,,0
CRS08,2,LateralSensory,95,3,3,1.2,1.2,82,1
CRS08,2,LateralSensory,95,3,4,1.6,1.2,,0
CRS08,2,LateralSensory,95,3,5,2.0,1.2,93,1
CRS08,2,LateralSensory,95,4,0,0.0,1.6,69,1
CRS08,2,LateralSensory,95,4,1,0.4,1.6,,0
CRS08,2,LateralSensory,95,4,2,0.8,1.6,76,1
CRS08,2,LateralSensory,95,4,3,1.2,1.6,,0
CRS08,2,LateralSensory,95,4,4,1.6,1.6,88,1
CRS08,2,LateralSensory,95,4,5,2.0,1.6,,0
CRS08,2,LateralSensory,95,5,0,0.0,2.0,,0
CRS08,2,LateralSensory,95,5,1,0.4,2.0,66,1
CRS08,2,LateralSensory,95,5,2,0.8,2.0,,0
CRS08,2,LateralSensory,95,5,3,1.2,2.0,84,1
CRS08,2,LateralSensory,95,5,4,1.6,2.0,,0
CRS08,2,LateralSensory,95,5,5,2.0,2.0,94,1
CRS08,2,LateralSensory,95,6,0,0.0,2.4,71,1
CRS08,2,LateralSensory,95,6,1,0.4,2.4,,0
CRS08,2,LateralSensory,95,6,2,0.8,2.4,78,1
CRS08,2,LateralSensory,95,6,3,1.2,2.4,,0
CRS08,2,LateralSensory,95,6,4,1.6,2.4,89,1
CRS08,2,LateralSensory,95,6,5,2.0,2.4,,0
CRS08,2,LateralSensory,95,7,0,0.0,2.8,,0
CRS08,2,LateralSensory,95,7,1,0.4,2.8,68,1
CRS08,2,LateralSensory,95,7,2,0.8,2.8,,0
CRS08,2,LateralSensory,95,7,3,1.2,2.8,83,1
CRS08,2,LateralSensory,95,7,4,1.6,2.8,,0
CRS08,2,LateralSensory,95,7,5,2.0,2.8,96,1
CRS08,2,LateralSensory,95,8,0,0.0,3.2,73,1
CRS08,2,LateralSensory,95,8,1,0.4,3.2,,0
CRS08,2,LateralSensory,95,8,2,0.8,3.2,80,1
CRS08,2,LateralSensory,95,8,3,1.2,3.2,,0
CRS08,2,LateralSensory,95,8,4,1.6,3.2,90,1
CRS08,2,LateralSensory,95,8,5,2.0,3.2,,0
CRS08,2,LateralSensory,95,9,0,0.0,3.6,75,1
CRS08,2,LateralSensory,95,9,1,0.4,3.6,70,1
CRS08,2,LateralSensory,95,9,2,0.8,3.6,,0
CRS08,2,LateralSensory,95,9,3,1.2,3.6,86,1
CRS08,2,LateralSensory,95,9,4,1.6,3.6,,0
CRS08,2,LateralSensory,95,9,5,2.0,3.6,95,1
CRS08,4,MedialSensory,180,0,0,0.0,0.0,193,1
CRS08,4,MedialSensory,180,0,1,0.4,0.0,,0
CRS08,4,MedialSensory,180,0,2,0.8,0.0,200,1
CRS08,4,MedialSensory,180,0,3,1.2,0.0,,0
CRS08,4,MedialSensory,180,0,4,1.6,0.0,213,1
CRS08,4,MedialSensory,180,0,5,2.0,0.0,219,1
CRS08,4,MedialSensory,180,1,0,0.0,0.4,,0
CRS08,4,MedialSensory,180,1,1,0.4,0.4,205,1
CRS08,4,MedialSensory,180,1,2,0.8,0.4,,0
CRS08,4,MedialSensory,180,1,3,1.2,0.4,209,1
CRS08,4,MedialSensory,180,1,4,1.6,0.4,,0
CRS08,4,MedialSensory,180,1,5,2.0,0.4,220,1
CRS08,4,MedialSensory,180,2,0,0.0,0.8,195,1
CRS08,4,MedialSensory,180,2,1,0.4,0.8,,0
CRS08,4,MedialSensory,180,2,2,0.8,0.8,202,1
CRS08,4,MedialSensory,180,2,3,1.2,0.8,,0
CRS08,4,MedialSensory,180,2,4,1.6,0.8,215,1
CRS08,4,MedialSensory,180,2,5,2.0,0.8,,0
CRS08,4,MedialSensory,180,3,0,0.0,1.2,,0
CRS08,4,MedialSensory,180,3,1,0.4,1.2,207,1
CRS08,4,MedialSensory,180,3,2,0.8,1.2,,0
CRS08,4,MedialSensory,180,3,3,1.2,1.2,210,1
CRS08,4,MedialSensory,180,3,4,1.6,1.2,,0
CRS08,4,MedialSensory,180,3,5,2.0,1.2,221,1
CRS08,4,MedialSensory,180,4,0,0.0,1.6,197,1
CRS08,4,MedialSensory,180,4,1,0.4,1.6,,0
CRS08,4,MedialSensory,180,4,2,0.8,1.6,204,1
CRS08,4,MedialSensory,180,4,3,1.2,1.6,,0
CRS08,4,MedialSensory,180,4,4,1.6,1.6,216,1
CRS08,4,MedialSensory,180,4,5,2.0,1.6,,0
CRS08,4,MedialSensory,180,5,0,0.0,2.0,,0
CRS08,4,MedialSensory,180,5,1,0.4,2.0,194,1
CRS08,4,MedialSensory,180,5,2,0.8,2.0,,0
CRS08,4,MedialSensory,180,5,3,1.2,2.0,212,1
CRS08,4,MedialSensory,180,5,4,1.6,2.0,,0
CRS08,4,MedialSensory,180,5,5,2.0,2.0,222,1
CRS08,4,MedialSensory,180,6,0,0.0,2.4,199,1
CRS08,4,MedialSensory,180,6,1,0.4,2.4,,0
CRS08,4,MedialSensory,180,6,2,0.8,2.4,206,1
CRS08,4,MedialSensory,180,6,3,1.2,2.4,,0
CRS08,4,MedialSensory,180,6,4,1.6,2.4,217,1
CRS08,4,MedialSensory,180,6,5,2.0,2.4,,0
CRS08,4,MedialSensory,180,7,0,0.0,2.8,,0
CRS08,4,MedialSensory,180,7,1,0.4,2.8,196,1
CRS08,4,MedialSensory,180,7,2,0.8,2.8,,0
CRS08,4,MedialSensory,180,7,3,1.2,2.8,211,1
CRS08,4,MedialSensory,180,7,4,1.6,2.8,,0
CRS08,4,MedialSensory,180,7,5,2.0,2.8,224,1
CRS08,4,MedialSensory,180,8,0,0.0,3.2,201,1
CRS08,4,MedialSensory,180,8,1,0.4,3.2,,0
CRS08,4,MedialSensory,180,8,2,0.8,3.2,208,1
CRS08,4,MedialSensory,180,8,3,1.2,3.2,,0
CRS08,4,MedialSensory,180,8,4,1.6,3.2,218,1
CRS08,4,MedialSensory,180,8,5,2.0,3.2,,0
CRS08,4,MedialSensory,180,9,0,0.0,3.6,203,1
CRS08,4,MedialSensory,180,9,1,0.4,3.6,198,1
CRS08,4,MedialSensory,180,9,2,0.8,3.6,,0
CRS08,4,MedialSensory,180,9,3,1.2,3.6,214,1
CRS08,4,MedialSensory,180,9,4,1.6,3.6,,0
CRS08,4,MedialSensory,180,9,5,2.0,3.6,223,1
CRS02,2,LateralSensory,60,0,0,0.0,0.0,65,1
CRS02,2,LateralSensory,60,0,1,0.4,0.0,,0
CRS02,2,LateralSensory,60,0,2,0.8,0.0,72,1
CRS02,2,LateralSensory,60,0,3,1.2,0.0,,0
CRS02,2,LateralSensory,60,0,4,1.6,0.0,85,1
CRS02,2,LateralSensory,60,0,5,2.0,0.0,91,1
CRS02,2,LateralSensory,60,1,0,0.0,0.4,,0
CRS02,2,LateralSensory,60,1,1,0.4,0.4,77,1
CRS02,2,LateralSensory,60,1,2,0.8,0.4,,0
CRS02,2,LateralSensory,60,1,3,1.2,0.4,81,1
CRS02,2,LateralSensory,60,1,4,1.6,0.4,,0
CRS02,2,LateralSensory,60,1,5,2.0,0.4,92,1
CRS02,2,LateralSensory,60,2,0,0.0,0.8,67,1
CRS02,2,LateralSensory,60,2,1,0.4,0.8,,0
CRS02,2,LateralSensory,60,2,2,0.8,0.8,74,1
CRS02,2,LateralSensory,60,2,3,1.2,0.8,,0
CRS02,2,LateralSensory,60,2,4,1.6,0.8,87,1
CRS02,2,LateralSensory,60,2,5,2.0,0.8,,0
CRS02,2,LateralSensory,60,3,0,0.0,1.2,,0
CRS02,2,LateralSensory,60,3,1,0.4,1.2,,0
CRS02,2,LateralSensory,60,3,2,0.8,1.2,,0
CRS02,2,LateralSensory,60,3,3,1.2,1.2,82,1
CRS02,2,LateralSensory,60,3,4,1.6,1.2,,0
CRS02,2,LateralSensory,60,3,5,2.0,1.2,94,1
CRS02,2,LateralSensory,60,4,0,0.0,1.6,69,1
CRS02,2,LateralSensory,60,4,1,0.4,1.6,79,1
CRS02,2,LateralSensory,60,4,2,0.8,1.6,76,1
CRS02,2,LateralSensory,60,4,3,1.2,1.6,,0
CRS02,2,LateralSensory,60,4,4,1.6,1.6,88,1
CRS02,2,LateralSensory,60,4,5,2.0,1.6,,0
CRS02,2,LateralSensory,60,5,0,0.0,2.0,,0
CRS02,2,LateralSensory,60,5,1,0.4,2.0,66,1
CRS02,2,LateralSensory,60,5,2,0.8,2.0,,0
CRS02,2,LateralSensory,60,5,3,1.2,2.0,84,1
CRS02,2,LateralSensory,60,5,4,1.6,2.0,,0
CRS02,2,LateralSensory,60,5,5,2.0,2.0,93,1
CRS02,2,LateralSensory,60,6,0,0.0,2.4,71,1
CRS02,2,LateralSensory,60,6,1,0.4,2.4,,0
CRS02,2,LateralSensory,60,6,2,0.8,2.4,78,1
CRS02,2,LateralSensory,60,6,3,1.2,2.4,,0
CRS02,2,LateralSensory,60,6,4,1.6,2.4,89,1
CRS02,2,LateralSensory,60,6,5,2.0,2.4,,0
CRS02,2,LateralSensory,60,7,0,0.0,2.8,,0
CRS02,2,LateralSensory,60,7,1,0.4,2.8,68,1
CRS02,2,LateralSensory,60,7,2,0.8,2.8,,0
CRS02,2,LateralSensory,60,7,3,1.2,2.8,83,1
CRS02,2,LateralSensory,60,7,4,1.6,2.8,,0
CRS02,2,LateralSensory,60,7,5,2.0,2.8,96,1
CRS02,2,LateralSensory,60,8,0,0.0,3.2,73,1
CRS02,2,LateralSensory,60,8,1,0.4,3.2,,0
CRS02,2,LateralSensory,60,8,2,0.8,3.2,80,1
CRS02,2,LateralSensory,60,8,3,1.2,3.2,,0
CRS02,2,LateralSensory,60,8,4,1.6,3.2,90,1
CRS02,2,LateralSensory,60,8,5,2.0,3.2,,0
CRS02,2,LateralSensory,60,9,0,0.0,3.6,75,1
CRS02,2,LateralSensory,60,9,1,0.4,3.6,70,1
CRS02,2,LateralSensory,60,9,2,0.8,3.6,,0
CRS02,2,LateralSensory,60,9,3,1.2,3.6,86,1
CRS02,2,LateralSensory,60,9,4,1.6,3.6,,0
CRS02,2,LateralSensory,60,9,5,2.0,3.6,95,1
CRS02,4,MedialSensory,15,0,0,0.0,0.0,193,1
CRS02,4,MedialSensory,15,0,1,0.4,0.0,,0
CRS02,4,MedialSensory,15,0,2,0.8,0.0,200,1
CRS02,4,MedialSensory,15,0,3,1.2,0.0,,0
CRS02,4,MedialSensory,15,0,4,1.6,0.0,213,1
CRS02,4,MedialSensory,15,0,5,2.0,0.0,219,1
CRS02,4,MedialSensory,15,1,0,0.0,0.4,,0
CRS02,4,MedialSensory,15,1,1,0.4,0.4,205,1
CRS02,4,MedialSensory,15,1,2,0.8,0.4,,0
CRS02,4,MedialSensory,15,1,3,1.2,0.4,209,1
CRS02,4,MedialSensory,15,1,4,1.6,0.4,,0
CRS02,4,MedialSensory,15,1,5,2.0,0.4,220,1
CRS02,4,MedialSensory,15,2,0,0.0,0.8,195,1
CRS02,4,MedialSensory,15,2,1,0.4,0.8,,0
CRS02,4,MedialSensory,15,2,2,0.8,0.8,202,1
CRS02,4,MedialSensory,15,2,3,1.2,0.8,,0
CRS02,4,MedialSensory,15,2,4,1.6,0.8,215,1
CRS02,4,MedialSensory,15,2,5,2.0,0.8,,0
CRS02,4,MedialSensory,15,3,0,0.0,1.2,,0
CRS02,4,MedialSensory,15,3,1,0.4,1.2,207,1
CRS02,4,MedialSensory,15,3,2,0.8,1.2,,0
CRS02,4,MedialSensory,15,3,3,1.2,1.2,210,1
CRS02,4,MedialSensory,15,3,4,1.6,1.2,,0
CRS02,4,MedialSensory,15,3,5,2.0,1.2,222,1
CRS02,4,MedialSensory,15,4,0,0.0,1.6,197,1
CRS02,4,MedialSensory,15,4,1,0.4,1.6,,0
CRS02,4,MedialSensory,15,4,2,0.8,1.6,204,1
CRS02,4,MedialSensory,15,4,3,1.2,1.6,,0
CRS02,4,MedialSensory,15,4,4,1.6,1.6,216,1
CRS02,4,MedialSensory,15,4,5,2.0,1.6,,0
CRS02,4,MedialSensory,15,5,0,0.0,2.0,,0
CRS02,4,MedialSensory,15,5,1,0.4,2.0,194,1
CRS02,4,MedialSensory,15,5,2,0.8,2.0,,0
CRS02,4,MedialSensory,15,5,3,1.2,2.0,212,1
CRS02,4,MedialSensory,15,5,4,1.6,2.0,,0
CRS02,4,MedialSensory,15,5,5,2.0,2.0,221,1
CRS02,4,MedialSensory,15,6,0,0.0,2.4,199,1
CRS02,4,MedialSensory,15,6,1,0.4,2.4,,0
CRS02,4,MedialSensory,15,6,2,0.8,2.4,206,1
CRS02,4,MedialSensory,15,6,3,1.2,2.4,,0
CRS02,4,MedialSensory,15,6,4,1.6,2.4,217,1
CRS02,4,MedialSensory,15,6,5,2.0,2.4,,0
CRS02,4,MedialSensory,15,7,0,0.0,2.8,,0
CRS02,4,MedialSensory,15,7,1,0.4,2.8,196,1
CRS02,4,MedialSensory,15,7,2,0.8,2.8,,0
CRS02,4,MedialSensory,15,7,3,1.2,2.8,211,1
CRS02,4,MedialSensory,15,7,4,1.6,2.8,,0
CRS02,4,MedialSensory,15,7,5,2.0,2.8,224,1
CRS02,4,MedialSensory,15,8,0,0.0,3.2,201,1
CRS02,4,MedialSensory,15,8,1,0.4,3.2,,0
CRS02,4,MedialSensory,15,8,2,0.8,3.2,208,1
CRS02,4,MedialSensory,15,8,3,1.2,3.2,,0
CRS02,4,MedialSensory,15,8,4,1.6,3.2,218,1
CRS02,4,MedialSensory,15,8,5,2.0,3.2,,0
CRS02,4,MedialSensory,15,9,0,0.0,3.6,203,1
CRS02,4,MedialSensory,15,9,1,0.4,3.6,198,1
CRS02,4,MedialSensory,15,9,2,0.8,3.6,,0
CRS02,4,MedialSensory,15,9,3,1.2,3.6,214,1
CRS02,4,MedialSensory,15,9,4,1.6,3.6,,0
CRS02,4,MedialSensory,15,9,5,2.0,3.6,223,1
