# DIGITISED from Greenspon et al. 2025 Nat Biomed Eng Fig 3e (PMID 39643730; PMC12176618; image 41551_2024_1299_Fig3_HTML.jpg 662x550 px from Europe PMC supplementaryFiles zip). Grey line = mean across arrays of within-digit PF-centroid distance vs cortical distance (within-array pairs only; P3 lateral array excluded per released code Figure3_Somatotopy.m). Bins per code: 7 bins, edges linspace(0,4,8) mm; bin centres below. Code: cortical distance = electrode-grid distance x 0.4 mm; PF distance = pixel distance / 5.
# Calibration: x ticks 0..4 mm at px 49,86,123,159,196 (36.7 px/mm); y ticks 0,10,20,30,40 mm at px 139,109,79,50,20 of crop rows 200+ (2.97 px/mm). Method: median row of grey (RGB~153, sat<22) pixels at each bin-centre column (+/-1 px). Uncertainty ~+/-1 mm (y); last point has only 1 grey pixel row (line end), less reliable.
# Paper-stated anchors: "A 2 mm shift in cortex corresponded to a ~10 mm shift in the PF on the skin, on average"; within digit, across arrays Pearson r = 0.69 (n = 5,892 pairs), within each array r > 0.4.
cortical_distance_bin_centre_mm,mean_PF_centroid_distance_mm_DIGITISED
0.286,3.1
0.857,6.0
1.429,8.0
2.000,11.8
2.571,18.2
3.143,24.1
3.714,26.6
