"# DIGITISED from Hughes et al. 2022 Brain Stimul Fig 2B (PMID 35671947, PMC10308851 author manuscript image nihms-1908014-f0002.jpg, 691x1050 px). Median normalised slider intensity across 10 electrodes per burst paradigm (100 Hz, 60 uA, 50% duty, 60 s). Calibration: x ticks 0..60 s at px 86.5..630.5 (9.07 px/s); y ticks 1.0@273.5, 0.2@495.5 px (277.5 px per unit). Method: per 1-s column (3 px wide) median row of pixels within RGB distance 45 of line colour. Resolution ~0.004 units, ~0.11 s. NA = line occluded by another line; 1.0_occluded = hidden under the blue line at value 1.0 (visible in figure); NA_legend = legend region. Slider has 1-2 s motor lag (paper)."
t_s,median_norm_intensity_100ms_burst,200ms_burst,500ms_burst
0.0,1.0_occluded,1.0_occluded,1.0_occluded
1.0,1.0_occluded,1.0_occluded,1.0
2.0,1.0_occluded,1.0_occluded,1.0
3.0,1.0_occluded,1.0_occluded,1.0
4.0,1.0_occluded,1.0_occluded,1.0
5.0,1.0_occluded,1.0_occluded,1.0
6.0,1.0_occluded,1.0_occluded,1.0
7.0,1.0_occluded,1.0_occluded,1.0
8.0,1.0_occluded,1.0_occluded,1.0
9.0,1.0_occluded,1.0_occluded,1.0
10.0,1.0_occluded,1.0,0.939
11.0,1.0_occluded,0.942,0.883
12.0,0.906,0.645,0.883
13.0,0.715,0.609,0.822
14.0,NA,0.582,0.618
15.0,0.661,0.517,0.533
16.0,0.645,NA,0.508
17.0,0.641,0.526,0.479
18.0,0.641,0.521,0.461
19.0,0.641,0.503,0.459
20.0,0.643,0.481,0.459
21.0,0.643,0.481,0.447
22.0,0.629,NA,0.438
23.0,0.587,0.425,0.396
24.0,0.586,0.38,0.218
25.0,0.553,0.348,0.088
26.0,0.526,0.375,0.034
27.0,0.526,0.375,0.09
28.0,0.521,0.369,0.02
29.0,0.521,0.364,0.014
30.0,0.521,0.337,0.013
31.0,0.521,0.339,0.011
32.0,0.449,0.31,0.011
33.0,0.351,0.308,0.014
34.0,0.351,0.308,0.014
35.0,0.351,0.308,0.014
36.0,0.285,0.299,0.014
37.0,NA,0.213,0.013
38.0,0.092,0.121,0.013
39.0,0.09,0.108,0.011
40.0,0.09,0.108,0.013
41.0,0.088,0.108,0.011
42.0,NA,0.095,0.013
43.0,0.065,0.027,0.011
44.0,0.032,NA_legend,NA_legend
45.0,NA_legend,NA_legend,NA_legend
46.0,NA_legend,NA_legend,NA_legend
47.0,NA_legend,NA_legend,NA_legend
48.0,NA_legend,NA_legend,NA_legend
49.0,0.031,NA_legend,0.016
50.0,0.031,NA,0.011
51.0,0.031,NA,0.011
52.0,0.031,NA,0.011
53.0,0.031,NA,0.011
54.0,0.031,NA,0.011
55.0,0.029,NA,0.013
56.0,NA,NA,0.011
57.0,NA,NA,0.011
58.0,NA,NA,0.011
59.0,0.025,NA,0.011
60.0,0.022,NA,0.005
