"# DIGITISED from Hughes et al. 2022 Brain Stimul Fig 3B (PMID 35671947; PMC10308851 image nihms-1908014-f0003.jpg 1050x611 px). Mean normalised intensity (normalised to report after 1st train; 7 electrodes, 100 Hz, 60 uA; 1 s on / 5 s off x50 then 1 s on / 61 s off x5). Calibration: x ticks 0..600 s at px 60..391.5 (0.5525 px/s); y ticks 1.0@204, 0.2@483.5 px. Method: blue marker centres = 5x5 blue-fill maximum within +/-3 px of expected report column, then 7x7 centroid; duplicates removed. Markers overlap (6 s spacing = 3.3 px), so only a subset of the 50 adaptation points is resolvable; x uncertainty ~+/-3 s, y ~+/-0.01. First plotted point is 1.0 by construction. Paper-stated anchors: end of adaptation 43.5+/-10%, end of recovery 72.6+/-7%."
t_s_digitised,mean_norm_intensity_digitised,period
6.6,0.982,adaptation
12.8,0.909,adaptation
21.8,0.82,adaptation
26.7,0.791,adaptation
32.2,0.74,adaptation
39.4,0.69,adaptation
50.7,0.602,adaptation
63.5,0.559,adaptation
68.7,0.553,adaptation
81.7,0.513,adaptation
94.1,0.524,adaptation
99.6,0.516,adaptation
105.1,0.51,adaptation
108.8,0.505,adaptation
114.3,0.505,adaptation
121.5,0.503,adaptation
136.2,0.477,adaptation
148.9,0.484,adaptation
150.3,0.484,adaptation
159.5,0.47,adaptation
172.4,0.47,adaptation
173.9,0.47,adaptation
182.8,0.467,adaptation
188.6,0.459,adaptation
192.1,0.459,adaptation
207.2,0.448,adaptation
221.2,0.44,adaptation
222.8,0.439,adaptation
232.2,0.45,adaptation
237.1,0.454,adaptation
240.8,0.462,adaptation
246.2,0.462,adaptation
261.2,0.448,adaptation
273.6,0.444,adaptation
278.7,0.442,adaptation
284.6,0.434,adaptation
287.9,0.434,adaptation
360.8,0.795,recovery
423.4,0.782,recovery
485.0,0.757,recovery
546.2,0.717,recovery
608.6,0.726,recovery
