participant,array,grid_long,grid_short,x_mm,y_mm,status,hue_classes,samples,source,DIGITISED
JHU-1,left_array_A,0,0,0.0,0.0,unwired,,grey:25,Fifer 2022 Neurology Fig 1C (PMC8865889),yes
JHU-1,left_array_A,0,1,0.0,0.4,no_repeatable_percept,,white:24;grey:1,Fifer 2022 Neurology Fig 1C (PMC8865889),yes
JHU-1,left_array_A,0,2,0.0,0.8,unwired,,grey:25,Fifer 2022 Neurology Fig 1C (PMC8865889),yes
JHU-1,left_array_A,0,3,0.0,1.2,PF,orange,orange:25,Fifer 2022 Neurology Fig 1C (PMC8865889),yes
JHU-1,left_array_A,0,4,0.0,1.6,unwired,,grey:25,Fifer 2022 Neurology Fig 1C (PMC8865889),yes
JHU-1,left_array_A,0,5,0.0,2.0,unwired,,grey:23;black:2,Fifer 2022 Neurology Fig 1C (PMC8865889),yes
JHU-1,left_array_A,1,0,0.4,0.0,no_repeatable_percept,,white:22;grey:3,Fifer 2022 Neurology Fig 1C (PMC8865889),yes
JHU-1,left_array_A,1,1,0.4,0.4,unwired,,grey:25,Fifer 2022 Neurology Fig 1C (PMC8865889),yes
JHU-1,left_array_A,1,2,0.4,0.8,PF,orange,orange:25,Fifer 2022 Neurology Fig 1C (PMC8865889),yes
JHU-1,left_array_A,1,3,0.4,1.2,unwired,,grey:25,Fifer 2022 Neurology Fig 1C (PMC8865889),yes
JHU-1,left_array_A,1,4,0.4,1.6,PF,orange,orange:25,Fifer 2022 Neurology Fig 1C (PMC8865889),yes
JHU-1,left_array_A,1,5,0.4,2.0,PF,orange|red,orange:19;red:5;black:1,Fifer 2022 Neurology Fig 1C (PMC8865889),yes
JHU-1,left_array_A,2,0,0.8,0.0,unwired,,grey:25,Fifer 2022 Neurology Fig 1C (PMC8865889),yes
JHU-1,left_array_A,2,1,0.8,0.4,PF,orange|red,orange:15;red:10,Fifer 2022 Neurology Fig 1C (PMC8865889),yes
JHU-1,left_array_A,2,2,0.8,0.8,unwired,,grey:25,Fifer 2022 Neurology Fig 1C (PMC8865889),yes
JHU-1,left_array_A,2,3,0.8,1.2,PF,orange,orange:24;yellow:1,Fifer 2022 Neurology Fig 1C (PMC8865889),yes
JHU-1,left_array_A,2,4,0.8,1.6,unwired,,grey:25,Fifer 2022 Neurology Fig 1C (PMC8865889),yes
JHU-1,left_array_A,2,5,0.8,2.0,PF,orange,orange:22;yellow:2;black:1,Fifer 2022 Neurology Fig 1C (PMC8865889),yes
JHU-1,left_array_A,3,0,1.2,0.0,PF,red,red:25,Fifer 2022 Neurology Fig 1C (PMC8865889),yes
JHU-1,left_array_A,3,1,1.2,0.4,unwired,,grey:25,Fifer 2022 Neurology Fig 1C (PMC8865889),yes
JHU-1,left_array_A,3,2,1.2,0.8,PF,orange|red,orange:20;red:5,Fifer 2022 Neurology Fig 1C (PMC8865889),yes
JHU-1,left_array_A,3,3,1.2,1.2,unwired,,grey:25,Fifer 2022 Neurology Fig 1C (PMC8865889),yes
JHU-1,left_array_A,3,4,1.2,1.6,PF,orange,orange:21;red:4,Fifer 2022 Neurology Fig 1C (PMC8865889),yes
JHU-1,left_array_A,3,5,1.2,2.0,unwired,,grey:22;black:3,Fifer 2022 Neurology Fig 1C (PMC8865889),yes
JHU-1,left_array_A,4,0,1.6,0.0,unwired,,grey:25,Fifer 2022 Neurology Fig 1C (PMC8865889),yes
JHU-1,left_array_A,4,1,1.6,0.4,PF,red|orange,red:13;orange:12,Fifer 2022 Neurology Fig 1C (PMC8865889),yes
JHU-1,left_array_A,4,2,1.6,0.8,unwired,,grey:25,Fifer 2022 Neurology Fig 1C (PMC8865889),yes
JHU-1,left_array_A,4,3,1.6,1.2,PF,orange,orange:25,Fifer 2022 Neurology Fig 1C (PMC8865889),yes
JHU-1,left_array_A,4,4,1.6,1.6,PF,orange|red,orange:18;red:7,Fifer 2022 Neurology Fig 1C (PMC8865889),yes
JHU-1,left_array_A,4,5,1.6,2.0,PF,orange,orange:24;black:1,Fifer 2022 Neurology Fig 1C (PMC8865889),yes
JHU-1,left_array_A,5,0,2.0,0.0,PF,red|orange,red:18;orange:7,Fifer 2022 Neurology Fig 1C (PMC8865889),yes
JHU-1,left_array_A,5,1,2.0,0.4,unwired,,grey:25,Fifer 2022 Neurology Fig 1C (PMC8865889),yes
JHU-1,left_array_A,5,2,2.0,0.8,PF,red|orange,red:15;orange:10,Fifer 2022 Neurology Fig 1C (PMC8865889),yes
JHU-1,left_array_A,5,3,2.0,1.2,unwired,,grey:25,Fifer 2022 Neurology Fig 1C (PMC8865889),yes
JHU-1,left_array_A,5,4,2.0,1.6,PF,orange,orange:25,Fifer 2022 Neurology Fig 1C (PMC8865889),yes
JHU-1,left_array_A,5,5,2.0,2.0,PF,orange,orange:23;black:1;yellow:1,Fifer 2022 Neurology Fig 1C (PMC8865889),yes
JHU-1,left_array_A,6,0,2.4,0.0,unwired,,grey:24;green:1,Fifer 2022 Neurology Fig 1C (PMC8865889),yes
JHU-1,left_array_A,6,1,2.4,0.4,PF,red|orange,red:13;orange:11;yellow:1,Fifer 2022 Neurology Fig 1C (PMC8865889),yes
JHU-1,left_array_A,6,2,2.4,0.8,unwired,,grey:21;green:3;orange:1,Fifer 2022 Neurology Fig 1C (PMC8865889),yes
JHU-1,left_array_A,6,3,2.4,1.2,PF,orange|red,orange:16;red:8;yellow:1,Fifer 2022 Neurology Fig 1C (PMC8865889),yes
JHU-1,left_array_A,6,4,2.4,1.6,PF,orange,orange:25,Fifer 2022 Neurology Fig 1C (PMC8865889),yes
JHU-1,left_array_A,6,5,2.4,2.0,unwired,,grey:24;black:1,Fifer 2022 Neurology Fig 1C (PMC8865889),yes
JHU-1,left_array_A,7,0,2.8,0.0,PF,red|orange,red:15;orange:10,Fifer 2022 Neurology Fig 1C (PMC8865889),yes
JHU-1,left_array_A,7,1,2.8,0.4,unwired,,grey:25,Fifer 2022 Neurology Fig 1C (PMC8865889),yes
JHU-1,left_array_A,7,2,2.8,0.8,PF,red|orange,red:13;orange:12,Fifer 2022 Neurology Fig 1C (PMC8865889),yes
JHU-1,left_array_A,7,3,2.8,1.2,unwired,,grey:25,Fifer 2022 Neurology Fig 1C (PMC8865889),yes
JHU-1,left_array_A,7,4,2.8,1.6,PF,orange|red,orange:20;red:5,Fifer 2022 Neurology Fig 1C (PMC8865889),yes
JHU-1,left_array_A,7,5,2.8,2.0,PF,orange,orange:21;black:2;yellow:1;red:1,Fifer 2022 Neurology Fig 1C (PMC8865889),yes
JHU-1,left_array_A,8,0,3.2,0.0,unwired,,grey:25,Fifer 2022 Neurology Fig 1C (PMC8865889),yes
JHU-1,left_array_A,8,1,3.2,0.4,PF,red|orange,red:17;orange:8,Fifer 2022 Neurology Fig 1C (PMC8865889),yes
JHU-1,left_array_A,8,2,3.2,0.8,unwired,,grey:25,Fifer 2022 Neurology Fig 1C (PMC8865889),yes
JHU-1,left_array_A,8,3,3.2,1.2,PF,orange,orange:23;red:2,Fifer 2022 Neurology Fig 1C (PMC8865889),yes
JHU-1,left_array_A,8,4,3.2,1.6,unwired,,grey:25,Fifer 2022 Neurology Fig 1C (PMC8865889),yes
JHU-1,left_array_A,8,5,3.2,2.0,PF,red,red:20;orange:4;black:1,Fifer 2022 Neurology Fig 1C (PMC8865889),yes
JHU-1,left_array_A,9,0,3.6,0.0,unwired,,grey:24;black:1,Fifer 2022 Neurology Fig 1C (PMC8865889),yes
JHU-1,left_array_A,9,1,3.6,0.4,unwired,,grey:25,Fifer 2022 Neurology Fig 1C (PMC8865889),yes
JHU-1,left_array_A,9,2,3.6,0.8,PF,red|orange,red:18;orange:7,Fifer 2022 Neurology Fig 1C (PMC8865889),yes
JHU-1,left_array_A,9,3,3.6,1.2,unwired,,grey:25,Fifer 2022 Neurology Fig 1C (PMC8865889),yes
JHU-1,left_array_A,9,4,3.6,1.6,PF,orange,orange:23;red:2,Fifer 2022 Neurology Fig 1C (PMC8865889),yes
JHU-1,left_array_A,9,5,3.6,2.0,unwired,,grey:24;black:1,Fifer 2022 Neurology Fig 1C (PMC8865889),yes
JHU-1,left_array_B,0,0,0.0,0.0,unwired,,grey:24;black:1,Fifer 2022 Neurology Fig 1C (PMC8865889),yes
JHU-1,left_array_B,0,1,0.0,0.4,PF,yellow|orange,yellow:15;orange:10,Fifer 2022 Neurology Fig 1C (PMC8865889),yes
JHU-1,left_array_B,0,2,0.0,0.8,unwired,,grey:24;other:1,Fifer 2022 Neurology Fig 1C (PMC8865889),yes
JHU-1,left_array_B,0,3,0.0,1.2,PF,yellow,yellow:25,Fifer 2022 Neurology Fig 1C (PMC8865889),yes
JHU-1,left_array_B,0,4,0.0,1.6,unwired,,grey:25,Fifer 2022 Neurology Fig 1C (PMC8865889),yes
JHU-1,left_array_B,0,5,0.0,2.0,unwired,,grey:24;black:1,Fifer 2022 Neurology Fig 1C (PMC8865889),yes
JHU-1,left_array_B,1,0,0.4,0.0,PF,yellow,yellow:25,Fifer 2022 Neurology Fig 1C (PMC8865889),yes
JHU-1,left_array_B,1,1,0.4,0.4,unwired,,grey:25,Fifer 2022 Neurology Fig 1C (PMC8865889),yes
JHU-1,left_array_B,1,2,0.4,0.8,PF,yellow,yellow:25,Fifer 2022 Neurology Fig 1C (PMC8865889),yes
JHU-1,left_array_B,1,3,0.4,1.2,unwired,,grey:25,Fifer 2022 Neurology Fig 1C (PMC8865889),yes
JHU-1,left_array_B,1,4,0.4,1.6,PF,yellow|orange,yellow:19;orange:6,Fifer 2022 Neurology Fig 1C (PMC8865889),yes
JHU-1,left_array_B,1,5,0.4,2.0,unwired,,grey:25,Fifer 2022 Neurology Fig 1C (PMC8865889),yes
JHU-1,left_array_B,2,0,0.8,0.0,PF,yellow|green,yellow:19;green:5;white:1,Fifer 2022 Neurology Fig 1C (PMC8865889),yes
JHU-1,left_array_B,2,1,0.8,0.4,PF,yellow,yellow:19;green:3;white:3,Fifer 2022 Neurology Fig 1C (PMC8865889),yes
JHU-1,left_array_B,2,2,0.8,0.8,unwired,,grey:24;green:1,Fifer 2022 Neurology Fig 1C (PMC8865889),yes
JHU-1,left_array_B,2,3,0.8,1.2,PF,yellow,yellow:20;green:4;white:1,Fifer 2022 Neurology Fig 1C (PMC8865889),yes
JHU-1,left_array_B,2,4,0.8,1.6,unwired,,grey:25,Fifer 2022 Neurology Fig 1C (PMC8865889),yes
JHU-1,left_array_B,2,5,0.8,2.0,PF,yellow|green,yellow:15;green:7;white:3,Fifer 2022 Neurology Fig 1C (PMC8865889),yes
JHU-1,left_array_B,3,0,1.2,0.0,unwired,,grey:25,Fifer 2022 Neurology Fig 1C (PMC8865889),yes
JHU-1,left_array_B,3,1,1.2,0.4,PF,yellow|green,yellow:15;green:10,Fifer 2022 Neurology Fig 1C (PMC8865889),yes
JHU-1,left_array_B,3,2,1.2,0.8,PF,yellow|green,yellow:15;green:9;white:1,Fifer 2022 Neurology Fig 1C (PMC8865889),yes
JHU-1,left_array_B,3,3,1.2,1.2,unwired,,grey:25,Fifer 2022 Neurology Fig 1C (PMC8865889),yes
JHU-1,left_array_B,3,4,1.2,1.6,PF,yellow|green,yellow:15;green:10,Fifer 2022 Neurology Fig 1C (PMC8865889),yes
JHU-1,left_array_B,3,5,1.2,2.0,unwired,,grey:23;black:2,Fifer 2022 Neurology Fig 1C (PMC8865889),yes
JHU-1,left_array_B,4,0,1.6,0.0,PF,yellow|green,yellow:15;green:7;white:2;grey:1,Fifer 2022 Neurology Fig 1C (PMC8865889),yes
JHU-1,left_array_B,4,1,1.6,0.4,PF,yellow|green,yellow:15;green:10,Fifer 2022 Neurology Fig 1C (PMC8865889),yes
JHU-1,left_array_B,4,2,1.6,0.8,unwired,,grey:25,Fifer 2022 Neurology Fig 1C (PMC8865889),yes
JHU-1,left_array_B,4,3,1.6,1.2,PF,green|yellow,green:20;yellow:5,Fifer 2022 Neurology Fig 1C (PMC8865889),yes
JHU-1,left_array_B,4,4,1.6,1.6,unwired,,grey:25,Fifer 2022 Neurology Fig 1C (PMC8865889),yes
JHU-1,left_array_B,4,5,1.6,2.0,PF,green|yellow,green:18;yellow:6;black:1,Fifer 2022 Neurology Fig 1C (PMC8865889),yes
JHU-1,left_array_B,5,0,2.0,0.0,PF,yellow|green,yellow:13;green:12,Fifer 2022 Neurology Fig 1C (PMC8865889),yes
JHU-1,left_array_B,5,1,2.0,0.4,PF,yellow|green,yellow:12;green:10;white:3,Fifer 2022 Neurology Fig 1C (PMC8865889),yes
JHU-1,left_array_B,5,2,2.0,0.8,PF,green|yellow,green:14;yellow:10;white:1,Fifer 2022 Neurology Fig 1C (PMC8865889),yes
JHU-1,left_array_B,5,3,2.0,1.2,unwired,,grey:25,Fifer 2022 Neurology Fig 1C (PMC8865889),yes
JHU-1,left_array_B,5,4,2.0,1.6,PF,green,green:24;grey:1,Fifer 2022 Neurology Fig 1C (PMC8865889),yes
JHU-1,left_array_B,5,5,2.0,2.0,unwired,,grey:24;green:1,Fifer 2022 Neurology Fig 1C (PMC8865889),yes
JHU-1,left_array_B,6,0,2.4,0.0,unwired,,grey:25,Fifer 2022 Neurology Fig 1C (PMC8865889),yes
JHU-1,left_array_B,6,1,2.4,0.4,PF,green|yellow,green:20;yellow:5,Fifer 2022 Neurology Fig 1C (PMC8865889),yes
JHU-1,left_array_B,6,2,2.4,0.8,unwired,,grey:24;green:1,Fifer 2022 Neurology Fig 1C (PMC8865889),yes
JHU-1,left_array_B,6,3,2.4,1.2,PF,green|yellow,green:15;yellow:10,Fifer 2022 Neurology Fig 1C (PMC8865889),yes
JHU-1,left_array_B,6,4,2.4,1.6,unwired,,grey:25,Fifer 2022 Neurology Fig 1C (PMC8865889),yes
JHU-1,left_array_B,6,5,2.4,2.0,PF,green|yellow,green:12;yellow:8;white:4;grey:1,Fifer 2022 Neurology Fig 1C (PMC8865889),yes
JHU-1,left_array_B,7,0,2.8,0.0,PF,green|yellow,green:16;yellow:6;white:2;other:1,Fifer 2022 Neurology Fig 1C (PMC8865889),yes
JHU-1,left_array_B,7,1,2.8,0.4,unwired,,grey:25,Fifer 2022 Neurology Fig 1C (PMC8865889),yes
JHU-1,left_array_B,7,2,2.8,0.8,PF,green|yellow,green:17;yellow:7;white:1,Fifer 2022 Neurology Fig 1C (PMC8865889),yes
JHU-1,left_array_B,7,3,2.8,1.2,unwired,,grey:24;other:1,Fifer 2022 Neurology Fig 1C (PMC8865889),yes
JHU-1,left_array_B,7,4,2.8,1.6,PF,green,green:25,Fifer 2022 Neurology Fig 1C (PMC8865889),yes
JHU-1,left_array_B,7,5,2.8,2.0,unwired,,grey:24;black:1,Fifer 2022 Neurology Fig 1C (PMC8865889),yes
JHU-1,left_array_B,8,0,3.2,0.0,PF,green,green:24;yellow:1,Fifer 2022 Neurology Fig 1C (PMC8865889),yes
JHU-1,left_array_B,8,1,3.2,0.4,PF,green,green:25,Fifer 2022 Neurology Fig 1C (PMC8865889),yes
JHU-1,left_array_B,8,2,3.2,0.8,unwired,,grey:24;other:1,Fifer 2022 Neurology Fig 1C (PMC8865889),yes
JHU-1,left_array_B,8,3,3.2,1.2,PF,green|yellow,green:15;yellow:10,Fifer 2022 Neurology Fig 1C (PMC8865889),yes
JHU-1,left_array_B,8,4,3.2,1.6,unwired,,grey:25,Fifer 2022 Neurology Fig 1C (PMC8865889),yes
JHU-1,left_array_B,8,5,3.2,2.0,PF,green,green:24;grey:1,Fifer 2022 Neurology Fig 1C (PMC8865889),yes
JHU-1,left_array_B,9,0,3.6,0.0,unwired,,grey:25,Fifer 2022 Neurology Fig 1C (PMC8865889),yes
JHU-1,left_array_B,9,1,3.6,0.4,unwired,,grey:25,Fifer 2022 Neurology Fig 1C (PMC8865889),yes
JHU-1,left_array_B,9,2,3.6,0.8,PF,green|yellow,green:15;yellow:10,Fifer 2022 Neurology Fig 1C (PMC8865889),yes
JHU-1,left_array_B,9,3,3.6,1.2,unwired,,grey:25,Fifer 2022 Neurology Fig 1C (PMC8865889),yes
JHU-1,left_array_B,9,4,3.6,1.6,PF,green,green:24;grey:1,Fifer 2022 Neurology Fig 1C (PMC8865889),yes
JHU-1,left_array_B,9,5,3.6,2.0,unwired,,grey:25,Fifer 2022 Neurology Fig 1C (PMC8865889),yes
JHU-1,right_array,0,0,0.0,0.0,unwired,,grey:25,Fifer 2022 Neurology Fig 1C (PMC8865889),yes
JHU-1,right_array,0,1,0.0,0.4,PF,red,red:25,Fifer 2022 Neurology Fig 1C (PMC8865889),yes
JHU-1,right_array,0,2,0.0,0.8,unwired,,grey:25,Fifer 2022 Neurology Fig 1C (PMC8865889),yes
JHU-1,right_array,0,3,0.0,1.2,PF,red,red:25,Fifer 2022 Neurology Fig 1C (PMC8865889),yes
JHU-1,right_array,0,4,0.0,1.6,unwired,,grey:25,Fifer 2022 Neurology Fig 1C (PMC8865889),yes
JHU-1,right_array,0,5,0.0,2.0,unwired,,grey:23;black:2,Fifer 2022 Neurology Fig 1C (PMC8865889),yes
JHU-1,right_array,1,0,0.4,0.0,PF,red,red:25,Fifer 2022 Neurology Fig 1C (PMC8865889),yes
JHU-1,right_array,1,1,0.4,0.4,unwired,,grey:25,Fifer 2022 Neurology Fig 1C (PMC8865889),yes
JHU-1,right_array,1,2,0.4,0.8,PF,red,red:25,Fifer 2022 Neurology Fig 1C (PMC8865889),yes
JHU-1,right_array,1,3,0.4,1.2,unwired,,grey:25,Fifer 2022 Neurology Fig 1C (PMC8865889),yes
JHU-1,right_array,1,4,0.4,1.6,PF,red,red:25,Fifer 2022 Neurology Fig 1C (PMC8865889),yes
JHU-1,right_array,1,5,0.4,2.0,PF,red,red:25,Fifer 2022 Neurology Fig 1C (PMC8865889),yes
JHU-1,right_array,2,0,0.8,0.0,unwired,,grey:25,Fifer 2022 Neurology Fig 1C (PMC8865889),yes
JHU-1,right_array,2,1,0.8,0.4,PF,red,red:25,Fifer 2022 Neurology Fig 1C (PMC8865889),yes
JHU-1,right_array,2,2,0.8,0.8,unwired,,grey:25,Fifer 2022 Neurology Fig 1C (PMC8865889),yes
JHU-1,right_array,2,3,0.8,1.2,PF,red,red:25,Fifer 2022 Neurology Fig 1C (PMC8865889),yes
JHU-1,right_array,2,4,0.8,1.6,unwired,,grey:23;other:1;green:1,Fifer 2022 Neurology Fig 1C (PMC8865889),yes
JHU-1,right_array,2,5,0.8,2.0,PF,red,red:25,Fifer 2022 Neurology Fig 1C (PMC8865889),yes
JHU-1,right_array,3,0,1.2,0.0,PF,red,red:25,Fifer 2022 Neurology Fig 1C (PMC8865889),yes
JHU-1,right_array,3,1,1.2,0.4,unwired,,grey:25,Fifer 2022 Neurology Fig 1C (PMC8865889),yes
JHU-1,right_array,3,2,1.2,0.8,no_repeatable_percept,,white:25,Fifer 2022 Neurology Fig 1C (PMC8865889),yes
JHU-1,right_array,3,3,1.2,1.2,unwired,,grey:25,Fifer 2022 Neurology Fig 1C (PMC8865889),yes
JHU-1,right_array,3,4,1.2,1.6,PF,red,red:25,Fifer 2022 Neurology Fig 1C (PMC8865889),yes
JHU-1,right_array,3,5,1.2,2.0,unwired,,grey:24;black:1,Fifer 2022 Neurology Fig 1C (PMC8865889),yes
JHU-1,right_array,4,0,1.6,0.0,unwired,,grey:24;green:1,Fifer 2022 Neurology Fig 1C (PMC8865889),yes
JHU-1,right_array,4,1,1.6,0.4,PF,red,red:25,Fifer 2022 Neurology Fig 1C (PMC8865889),yes
JHU-1,right_array,4,2,1.6,0.8,unwired,,grey:25,Fifer 2022 Neurology Fig 1C (PMC8865889),yes
JHU-1,right_array,4,3,1.6,1.2,PF,red,red:25,Fifer 2022 Neurology Fig 1C (PMC8865889),yes
JHU-1,right_array,4,4,1.6,1.6,no_repeatable_percept,,white:25,Fifer 2022 Neurology Fig 1C (PMC8865889),yes
JHU-1,right_array,4,5,1.6,2.0,no_repeatable_percept,,white:21;grey:4,Fifer 2022 Neurology Fig 1C (PMC8865889),yes
JHU-1,right_array,5,0,2.0,0.0,PF,red,red:24;black:1,Fifer 2022 Neurology Fig 1C (PMC8865889),yes
JHU-1,right_array,5,1,2.0,0.4,unwired,,grey:25,Fifer 2022 Neurology Fig 1C (PMC8865889),yes
JHU-1,right_array,5,2,2.0,0.8,PF,orange|red,orange:13;red:12,Fifer 2022 Neurology Fig 1C (PMC8865889),yes
JHU-1,right_array,5,3,2.0,1.2,unwired,,grey:24;green:1,Fifer 2022 Neurology Fig 1C (PMC8865889),yes
JHU-1,right_array,5,4,2.0,1.6,PF,orange|red|green,orange:10;red:9;green:5;yellow:1,Fifer 2022 Neurology Fig 1C (PMC8865889),yes
JHU-1,right_array,5,5,2.0,2.0,PF,yellow|orange,yellow:13;orange:12,Fifer 2022 Neurology Fig 1C (PMC8865889),yes
JHU-1,right_array,6,0,2.4,0.0,unwired,,grey:23;green:1;black:1,Fifer 2022 Neurology Fig 1C (PMC8865889),yes
JHU-1,right_array,6,1,2.4,0.4,PF,orange,orange:25,Fifer 2022 Neurology Fig 1C (PMC8865889),yes
JHU-1,right_array,6,2,2.4,0.8,unwired,,grey:25,Fifer 2022 Neurology Fig 1C (PMC8865889),yes
JHU-1,right_array,6,3,2.4,1.2,PF,yellow|orange|red,yellow:11;orange:9;red:5,Fifer 2022 Neurology Fig 1C (PMC8865889),yes
JHU-1,right_array,6,4,2.4,1.6,PF,orange,orange:25,Fifer 2022 Neurology Fig 1C (PMC8865889),yes
JHU-1,right_array,6,5,2.4,2.0,unwired,,grey:24;black:1,Fifer 2022 Neurology Fig 1C (PMC8865889),yes
JHU-1,right_array,7,0,2.8,0.0,PF,yellow|orange|red,yellow:11;orange:9;red:5,Fifer 2022 Neurology Fig 1C (PMC8865889),yes
JHU-1,right_array,7,1,2.8,0.4,unwired,,grey:25,Fifer 2022 Neurology Fig 1C (PMC8865889),yes
JHU-1,right_array,7,2,2.8,0.8,PF,orange,orange:25,Fifer 2022 Neurology Fig 1C (PMC8865889),yes
JHU-1,right_array,7,3,2.8,1.2,unwired,,grey:25,Fifer 2022 Neurology Fig 1C (PMC8865889),yes
JHU-1,right_array,7,4,2.8,1.6,no_repeatable_percept,,white:25,Fifer 2022 Neurology Fig 1C (PMC8865889),yes
JHU-1,right_array,7,5,2.8,2.0,PF,orange,orange:25,Fifer 2022 Neurology Fig 1C (PMC8865889),yes
JHU-1,right_array,8,0,3.2,0.0,unwired,,grey:24;black:1,Fifer 2022 Neurology Fig 1C (PMC8865889),yes
JHU-1,right_array,8,1,3.2,0.4,no_repeatable_percept,,white:25,Fifer 2022 Neurology Fig 1C (PMC8865889),yes
JHU-1,right_array,8,2,3.2,0.8,unwired,,grey:25,Fifer 2022 Neurology Fig 1C (PMC8865889),yes
JHU-1,right_array,8,3,3.2,1.2,no_repeatable_percept,,white:25,Fifer 2022 Neurology Fig 1C (PMC8865889),yes
JHU-1,right_array,8,4,3.2,1.6,unwired,,grey:25,Fifer 2022 Neurology Fig 1C (PMC8865889),yes
JHU-1,right_array,8,5,3.2,2.0,PF,orange,orange:25,Fifer 2022 Neurology Fig 1C (PMC8865889),yes
JHU-1,right_array,9,0,3.6,0.0,unwired,,grey:25,Fifer 2022 Neurology Fig 1C (PMC8865889),yes
JHU-1,right_array,9,1,3.6,0.4,unwired,,grey:25,Fifer 2022 Neurology Fig 1C (PMC8865889),yes
JHU-1,right_array,9,2,3.6,0.8,no_repeatable_percept,,white:24;grey:1,Fifer 2022 Neurology Fig 1C (PMC8865889),yes
JHU-1,right_array,9,3,3.6,1.2,unwired,,grey:25,Fifer 2022 Neurology Fig 1C (PMC8865889),yes
JHU-1,right_array,9,4,3.6,1.6,no_repeatable_percept,,white:24;grey:1,Fifer 2022 Neurology Fig 1C (PMC8865889),yes
JHU-1,right_array,9,5,3.6,2.0,unwired,,grey:25,Fifer 2022 Neurology Fig 1C (PMC8865889),yes
