array,a,b,cortical_mm,jaccard,same_class_any
left_array_A,"0,3","1,2",0.566,1.0,1
left_array_A,"0,3","1,4",0.566,1.0,1
left_array_A,"0,3","1,5",0.894,0.5,1
left_array_A,"0,3","2,1",1.131,0.5,1
left_array_A,"0,3","2,3",0.8,1.0,1
left_array_A,"0,3","2,5",1.131,1.0,1
left_array_A,"0,3","3,0",1.697,0.0,0
left_array_A,"0,3","3,2",1.265,0.5,1
left_array_A,"0,3","3,4",1.265,1.0,1
left_array_A,"0,3","4,1",1.789,0.5,1
left_array_A,"0,3","4,3",1.6,1.0,1
left_array_A,"0,3","4,4",1.649,0.5,1
left_array_A,"0,3","4,5",1.789,1.0,1
left_array_A,"0,3","5,0",2.332,0.5,1
left_array_A,"0,3","5,2",2.04,0.5,1
left_array_A,"0,3","5,4",2.04,1.0,1
left_array_A,"0,3","5,5",2.154,1.0,1
left_array_A,"0,3","6,1",2.53,0.5,1
left_array_A,"0,3","6,3",2.4,0.5,1
left_array_A,"0,3","6,4",2.433,1.0,1
left_array_A,"0,3","7,0",3.046,0.5,1
left_array_A,"0,3","7,2",2.828,0.5,1
left_array_A,"0,3","7,4",2.828,0.5,1
left_array_A,"0,3","7,5",2.912,1.0,1
left_array_A,"0,3","8,1",3.298,0.5,1
left_array_A,"0,3","8,3",3.2,1.0,1
left_array_A,"0,3","8,5",3.298,0.0,0
left_array_A,"0,3","9,2",3.622,0.5,1
left_array_A,"0,3","9,4",3.622,1.0,1
left_array_A,"1,2","1,4",0.8,1.0,1
left_array_A,"1,2","1,5",1.2,0.5,1
left_array_A,"1,2","2,1",0.566,0.5,1
left_array_A,"1,2","2,3",0.566,1.0,1
left_array_A,"1,2","2,5",1.265,1.0,1
left_array_A,"1,2","3,0",1.131,0.0,0
left_array_A,"1,2","3,2",0.8,0.5,1
left_array_A,"1,2","3,4",1.131,1.0,1
left_array_A,"1,2","4,1",1.265,0.5,1
left_array_A,"1,2","4,3",1.265,1.0,1
left_array_A,"1,2","4,4",1.442,0.5,1
left_array_A,"1,2","4,5",1.697,1.0,1
left_array_A,"1,2","5,0",1.789,0.5,1
left_array_A,"1,2","5,2",1.6,0.5,1
left_array_A,"1,2","5,4",1.789,1.0,1
left_array_A,"1,2","5,5",2.0,1.0,1
left_array_A,"1,2","6,1",2.04,0.5,1
left_array_A,"1,2","6,3",2.04,0.5,1
left_array_A,"1,2","6,4",2.154,1.0,1
left_array_A,"1,2","7,0",2.53,0.5,1
left_array_A,"1,2","7,2",2.4,0.5,1
left_array_A,"1,2","7,4",2.53,0.5,1
left_array_A,"1,2","7,5",2.683,1.0,1
left_array_A,"1,2","8,1",2.828,0.5,1
left_array_A,"1,2","8,3",2.828,1.0,1
left_array_A,"1,2","8,5",3.046,0.0,0
left_array_A,"1,2","9,2",3.2,0.5,1
left_array_A,"1,2","9,4",3.298,1.0,1
left_array_A,"1,4","1,5",0.4,0.5,1
left_array_A,"1,4","2,1",1.265,0.5,1
left_array_A,"1,4","2,3",0.566,1.0,1
left_array_A,"1,4","2,5",0.566,1.0,1
left_array_A,"1,4","3,0",1.789,0.0,0
left_array_A,"1,4","3,2",1.131,0.5,1
left_array_A,"1,4","3,4",0.8,1.0,1
left_array_A,"1,4","4,1",1.697,0.5,1
left_array_A,"1,4","4,3",1.265,1.0,1
left_array_A,"1,4","4,4",1.2,0.5,1
left_array_A,"1,4","4,5",1.265,1.0,1
left_array_A,"1,4","5,0",2.263,0.5,1
left_array_A,"1,4","5,2",1.789,0.5,1
left_array_A,"1,4","5,4",1.6,1.0,1
left_array_A,"1,4","5,5",1.649,1.0,1
left_array_A,"1,4","6,1",2.332,0.5,1
left_array_A,"1,4","6,3",2.04,0.5,1
left_array_A,"1,4","6,4",2.0,1.0,1
left_array_A,"1,4","7,0",2.884,0.5,1
left_array_A,"1,4","7,2",2.53,0.5,1
left_array_A,"1,4","7,4",2.4,0.5,1
left_array_A,"1,4","7,5",2.433,1.0,1
left_array_A,"1,4","8,1",3.046,0.5,1
left_array_A,"1,4","8,3",2.828,1.0,1
left_array_A,"1,4","8,5",2.828,0.0,0
left_array_A,"1,4","9,2",3.298,0.5,1
left_array_A,"1,4","9,4",3.2,1.0,1
left_array_A,"1,5","2,1",1.649,1.0,1
left_array_A,"1,5","2,3",0.894,0.5,1
left_array_A,"1,5","2,5",0.4,0.5,1
left_array_A,"1,5","3,0",2.154,0.5,1
left_array_A,"1,5","3,2",1.442,1.0,1
left_array_A,"1,5","3,4",0.894,0.5,1
left_array_A,"1,5","4,1",2.0,1.0,1
left_array_A,"1,5","4,3",1.442,0.5,1
left_array_A,"1,5","4,4",1.265,1.0,1
left_array_A,"1,5","4,5",1.2,0.5,1
left_array_A,"1,5","5,0",2.561,1.0,1
left_array_A,"1,5","5,2",2.0,1.0,1
left_array_A,"1,5","5,4",1.649,0.5,1
left_array_A,"1,5","5,5",1.6,0.5,1
left_array_A,"1,5","6,1",2.561,1.0,1
left_array_A,"1,5","6,3",2.154,1.0,1
left_array_A,"1,5","6,4",2.04,0.5,1
left_array_A,"1,5","7,0",3.124,1.0,1
left_array_A,"1,5","7,2",2.683,1.0,1
left_array_A,"1,5","7,4",2.433,1.0,1
left_array_A,"1,5","7,5",2.4,0.5,1
left_array_A,"1,5","8,1",3.225,1.0,1
left_array_A,"1,5","8,3",2.912,0.5,1
left_array_A,"1,5","8,5",2.8,0.5,1
left_array_A,"1,5","9,2",3.418,1.0,1
left_array_A,"1,5","9,4",3.225,0.5,1
left_array_A,"2,1","2,3",0.8,0.5,1
left_array_A,"2,1","2,5",1.6,0.5,1
left_array_A,"2,1","3,0",0.566,0.5,1
left_array_A,"2,1","3,2",0.566,1.0,1
left_array_A,"2,1","3,4",1.265,0.5,1
left_array_A,"2,1","4,1",0.8,1.0,1
left_array_A,"2,1","4,3",1.131,0.5,1
left_array_A,"2,1","4,4",1.442,1.0,1
left_array_A,"2,1","4,5",1.789,0.5,1
left_array_A,"2,1","5,0",1.265,1.0,1
left_array_A,"2,1","5,2",1.265,1.0,1
left_array_A,"2,1","5,4",1.697,0.5,1
left_array_A,"2,1","5,5",2.0,0.5,1
left_array_A,"2,1","6,1",1.6,1.0,1
left_array_A,"2,1","6,3",1.789,1.0,1
left_array_A,"2,1","6,4",2.0,0.5,1
left_array_A,"2,1","7,0",2.04,1.0,1
left_array_A,"2,1","7,2",2.04,1.0,1
left_array_A,"2,1","7,4",2.332,1.0,1
left_array_A,"2,1","7,5",2.561,0.5,1
left_array_A,"2,1","8,1",2.4,1.0,1
left_array_A,"2,1","8,3",2.53,0.5,1
left_array_A,"2,1","8,5",2.884,0.5,1
left_array_A,"2,1","9,2",2.828,1.0,1
left_array_A,"2,1","9,4",3.046,0.5,1
left_array_A,"2,3","2,5",0.8,1.0,1
left_array_A,"2,3","3,0",1.265,0.0,0
left_array_A,"2,3","3,2",0.566,0.5,1
left_array_A,"2,3","3,4",0.566,1.0,1
left_array_A,"2,3","4,1",1.131,0.5,1
left_array_A,"2,3","4,3",0.8,1.0,1
left_array_A,"2,3","4,4",0.894,0.5,1
left_array_A,"2,3","4,5",1.131,1.0,1
left_array_A,"2,3","5,0",1.697,0.5,1
left_array_A,"2,3","5,2",1.265,0.5,1
left_array_A,"2,3","5,4",1.265,1.0,1
left_array_A,"2,3","5,5",1.442,1.0,1
left_array_A,"2,3","6,1",1.789,0.5,1
left_array_A,"2,3","6,3",1.6,0.5,1
left_array_A,"2,3","6,4",1.649,1.0,1
left_array_A,"2,3","7,0",2.332,0.5,1
left_array_A,"2,3","7,2",2.04,0.5,1
left_array_A,"2,3","7,4",2.04,0.5,1
left_array_A,"2,3","7,5",2.154,1.0,1
left_array_A,"2,3","8,1",2.53,0.5,1
left_array_A,"2,3","8,3",2.4,1.0,1
left_array_A,"2,3","8,5",2.53,0.0,0
left_array_A,"2,3","9,2",2.828,0.5,1
left_array_A,"2,3","9,4",2.828,1.0,1
left_array_A,"2,5","3,0",2.04,0.0,0
left_array_A,"2,5","3,2",1.265,0.5,1
left_array_A,"2,5","3,4",0.566,1.0,1
left_array_A,"2,5","4,1",1.789,0.5,1
left_array_A,"2,5","4,3",1.131,1.0,1
left_array_A,"2,5","4,4",0.894,0.5,1
left_array_A,"2,5","4,5",0.8,1.0,1
left_array_A,"2,5","5,0",2.332,0.5,1
left_array_A,"2,5","5,2",1.697,0.5,1
left_array_A,"2,5","5,4",1.265,1.0,1
left_array_A,"2,5","5,5",1.2,1.0,1
left_array_A,"2,5","6,1",2.263,0.5,1
left_array_A,"2,5","6,3",1.789,0.5,1
left_array_A,"2,5","6,4",1.649,1.0,1
left_array_A,"2,5","7,0",2.828,0.5,1
left_array_A,"2,5","7,2",2.332,0.5,1
left_array_A,"2,5","7,4",2.04,0.5,1
left_array_A,"2,5","7,5",2.0,1.0,1
left_array_A,"2,5","8,1",2.884,0.5,1
left_array_A,"2,5","8,3",2.53,1.0,1
left_array_A,"2,5","8,5",2.4,0.0,0
left_array_A,"2,5","9,2",3.046,0.5,1
left_array_A,"2,5","9,4",2.828,1.0,1
left_array_A,"3,0","3,2",0.8,0.5,1
left_array_A,"3,0","3,4",1.6,0.0,0
left_array_A,"3,0","4,1",0.566,0.5,1
left_array_A,"3,0","4,3",1.265,0.0,0
left_array_A,"3,0","4,4",1.649,0.5,1
left_array_A,"3,0","4,5",2.04,0.0,0
left_array_A,"3,0","5,0",0.8,0.5,1
left_array_A,"3,0","5,2",1.131,0.5,1
left_array_A,"3,0","5,4",1.789,0.0,0
left_array_A,"3,0","5,5",2.154,0.0,0
left_array_A,"3,0","6,1",1.265,0.5,1
left_array_A,"3,0","6,3",1.697,0.5,1
left_array_A,"3,0","6,4",2.0,0.0,0
left_array_A,"3,0","7,0",1.6,0.5,1
left_array_A,"3,0","7,2",1.789,0.5,1
left_array_A,"3,0","7,4",2.263,0.5,1
left_array_A,"3,0","7,5",2.561,0.0,0
left_array_A,"3,0","8,1",2.04,0.5,1
left_array_A,"3,0","8,3",2.332,0.0,0
left_array_A,"3,0","8,5",2.828,1.0,1
left_array_A,"3,0","9,2",2.53,0.5,1
left_array_A,"3,0","9,4",2.884,0.0,0
left_array_A,"3,2","3,4",0.8,0.5,1
left_array_A,"3,2","4,1",0.566,1.0,1
left_array_A,"3,2","4,3",0.566,0.5,1
left_array_A,"3,2","4,4",0.894,1.0,1
left_array_A,"3,2","4,5",1.265,0.5,1
left_array_A,"3,2","5,0",1.131,1.0,1
left_array_A,"3,2","5,2",0.8,1.0,1
left_array_A,"3,2","5,4",1.131,0.5,1
left_array_A,"3,2","5,5",1.442,0.5,1
left_array_A,"3,2","6,1",1.265,1.0,1
left_array_A,"3,2","6,3",1.265,1.0,1
left_array_A,"3,2","6,4",1.442,0.5,1
left_array_A,"3,2","7,0",1.789,1.0,1
left_array_A,"3,2","7,2",1.6,1.0,1
left_array_A,"3,2","7,4",1.789,1.0,1
left_array_A,"3,2","7,5",2.0,0.5,1
left_array_A,"3,2","8,1",2.04,1.0,1
left_array_A,"3,2","8,3",2.04,0.5,1
left_array_A,"3,2","8,5",2.332,0.5,1
left_array_A,"3,2","9,2",2.4,1.0,1
left_array_A,"3,2","9,4",2.53,0.5,1
left_array_A,"3,4","4,1",1.265,0.5,1
left_array_A,"3,4","4,3",0.566,1.0,1
left_array_A,"3,4","4,4",0.4,0.5,1
left_array_A,"3,4","4,5",0.566,1.0,1
left_array_A,"3,4","5,0",1.789,0.5,1
left_array_A,"3,4","5,2",1.131,0.5,1
left_array_A,"3,4","5,4",0.8,1.0,1
left_array_A,"3,4","5,5",0.894,1.0,1
left_array_A,"3,4","6,1",1.697,0.5,1
left_array_A,"3,4","6,3",1.265,0.5,1
left_array_A,"3,4","6,4",1.2,1.0,1
left_array_A,"3,4","7,0",2.263,0.5,1
left_array_A,"3,4","7,2",1.789,0.5,1
left_array_A,"3,4","7,4",1.6,0.5,1
left_array_A,"3,4","7,5",1.649,1.0,1
left_array_A,"3,4","8,1",2.332,0.5,1
left_array_A,"3,4","8,3",2.04,1.0,1
left_array_A,"3,4","8,5",2.04,0.0,0
left_array_A,"3,4","9,2",2.53,0.5,1
left_array_A,"3,4","9,4",2.4,1.0,1
left_array_A,"4,1","4,3",0.8,0.5,1
left_array_A,"4,1","4,4",1.2,1.0,1
left_array_A,"4,1","4,5",1.6,0.5,1
left_array_A,"4,1","5,0",0.566,1.0,1
left_array_A,"4,1","5,2",0.566,1.0,1
left_array_A,"4,1","5,4",1.265,0.5,1
left_array_A,"4,1","5,5",1.649,0.5,1
left_array_A,"4,1","6,1",0.8,1.0,1
left_array_A,"4,1","6,3",1.131,1.0,1
left_array_A,"4,1","6,4",1.442,0.5,1
left_array_A,"4,1","7,0",1.265,1.0,1
left_array_A,"4,1","7,2",1.265,1.0,1
left_array_A,"4,1","7,4",1.697,1.0,1
left_array_A,"4,1","7,5",2.0,0.5,1
left_array_A,"4,1","8,1",1.6,1.0,1
left_array_A,"4,1","8,3",1.789,0.5,1
left_array_A,"4,1","8,5",2.263,0.5,1
left_array_A,"4,1","9,2",2.04,1.0,1
left_array_A,"4,1","9,4",2.332,0.5,1
left_array_A,"4,3","4,4",0.4,0.5,1
left_array_A,"4,3","4,5",0.8,1.0,1
left_array_A,"4,3","5,0",1.265,0.5,1
left_array_A,"4,3","5,2",0.566,0.5,1
left_array_A,"4,3","5,4",0.566,1.0,1
left_array_A,"4,3","5,5",0.894,1.0,1
left_array_A,"4,3","6,1",1.131,0.5,1
left_array_A,"4,3","6,3",0.8,0.5,1
left_array_A,"4,3","6,4",0.894,1.0,1
left_array_A,"4,3","7,0",1.697,0.5,1
left_array_A,"4,3","7,2",1.265,0.5,1
left_array_A,"4,3","7,4",1.265,0.5,1
left_array_A,"4,3","7,5",1.442,1.0,1
left_array_A,"4,3","8,1",1.789,0.5,1
left_array_A,"4,3","8,3",1.6,1.0,1
left_array_A,"4,3","8,5",1.789,0.0,0
left_array_A,"4,3","9,2",2.04,0.5,1
left_array_A,"4,3","9,4",2.04,1.0,1
left_array_A,"4,4","4,5",0.4,0.5,1
left_array_A,"4,4","5,0",1.649,1.0,1
left_array_A,"4,4","5,2",0.894,1.0,1
left_array_A,"4,4","5,4",0.4,0.5,1
left_array_A,"4,4","5,5",0.566,0.5,1
left_array_A,"4,4","6,1",1.442,1.0,1
left_array_A,"4,4","6,3",0.894,1.0,1
left_array_A,"4,4","6,4",0.8,0.5,1
left_array_A,"4,4","7,0",2.0,1.0,1
left_array_A,"4,4","7,2",1.442,1.0,1
left_array_A,"4,4","7,4",1.2,1.0,1
left_array_A,"4,4","7,5",1.265,0.5,1
left_array_A,"4,4","8,1",2.0,1.0,1
left_array_A,"4,4","8,3",1.649,0.5,1
left_array_A,"4,4","8,5",1.649,0.5,1
left_array_A,"4,4","9,2",2.154,1.0,1
left_array_A,"4,4","9,4",2.0,0.5,1
left_array_A,"4,5","5,0",2.04,0.5,1
left_array_A,"4,5","5,2",1.265,0.5,1
left_array_A,"4,5","5,4",0.566,1.0,1
left_array_A,"4,5","5,5",0.4,1.0,1
left_array_A,"4,5","6,1",1.789,0.5,1
left_array_A,"4,5","6,3",1.131,0.5,1
left_array_A,"4,5","6,4",0.894,1.0,1
left_array_A,"4,5","7,0",2.332,0.5,1
left_array_A,"4,5","7,2",1.697,0.5,1
left_array_A,"4,5","7,4",1.265,0.5,1
left_array_A,"4,5","7,5",1.2,1.0,1
left_array_A,"4,5","8,1",2.263,0.5,1
left_array_A,"4,5","8,3",1.789,1.0,1
left_array_A,"4,5","8,5",1.6,0.0,0
left_array_A,"4,5","9,2",2.332,0.5,1
left_array_A,"4,5","9,4",2.04,1.0,1
left_array_A,"5,0","5,2",0.8,1.0,1
left_array_A,"5,0","5,4",1.6,0.5,1
left_array_A,"5,0","5,5",2.0,0.5,1
left_array_A,"5,0","6,1",0.566,1.0,1
left_array_A,"5,0","6,3",1.265,1.0,1
left_array_A,"5,0","6,4",1.649,0.5,1
left_array_A,"5,0","7,0",0.8,1.0,1
left_array_A,"5,0","7,2",1.131,1.0,1
left_array_A,"5,0","7,4",1.789,1.0,1
left_array_A,"5,0","7,5",2.154,0.5,1
left_array_A,"5,0","8,1",1.265,1.0,1
left_array_A,"5,0","8,3",1.697,0.5,1
left_array_A,"5,0","8,5",2.332,0.5,1
left_array_A,"5,0","9,2",1.789,1.0,1
left_array_A,"5,0","9,4",2.263,0.5,1
left_array_A,"5,2","5,4",0.8,0.5,1
left_array_A,"5,2","5,5",1.2,0.5,1
left_array_A,"5,2","6,1",0.566,1.0,1
left_array_A,"5,2","6,3",0.566,1.0,1
left_array_A,"5,2","6,4",0.894,0.5,1
left_array_A,"5,2","7,0",1.131,1.0,1
left_array_A,"5,2","7,2",0.8,1.0,1
left_array_A,"5,2","7,4",1.131,1.0,1
left_array_A,"5,2","7,5",1.442,0.5,1
left_array_A,"5,2","8,1",1.265,1.0,1
left_array_A,"5,2","8,3",1.265,0.5,1
left_array_A,"5,2","8,5",1.697,0.5,1
left_array_A,"5,2","9,2",1.6,1.0,1
left_array_A,"5,2","9,4",1.789,0.5,1
left_array_A,"5,4","5,5",0.4,1.0,1
left_array_A,"5,4","6,1",1.265,0.5,1
left_array_A,"5,4","6,3",0.566,0.5,1
left_array_A,"5,4","6,4",0.4,1.0,1
left_array_A,"5,4","7,0",1.789,0.5,1
left_array_A,"5,4","7,2",1.131,0.5,1
left_array_A,"5,4","7,4",0.8,0.5,1
left_array_A,"5,4","7,5",0.894,1.0,1
left_array_A,"5,4","8,1",1.697,0.5,1
left_array_A,"5,4","8,3",1.265,1.0,1
left_array_A,"5,4","8,5",1.265,0.0,0
left_array_A,"5,4","9,2",1.789,0.5,1
left_array_A,"5,4","9,4",1.6,1.0,1
left_array_A,"5,5","6,1",1.649,0.5,1
left_array_A,"5,5","6,3",0.894,0.5,1
left_array_A,"5,5","6,4",0.566,1.0,1
left_array_A,"5,5","7,0",2.154,0.5,1
left_array_A,"5,5","7,2",1.442,0.5,1
left_array_A,"5,5","7,4",0.894,0.5,1
left_array_A,"5,5","7,5",0.8,1.0,1
left_array_A,"5,5","8,1",2.0,0.5,1
left_array_A,"5,5","8,3",1.442,1.0,1
left_array_A,"5,5","8,5",1.2,0.0,0
left_array_A,"5,5","9,2",2.0,0.5,1
left_array_A,"5,5","9,4",1.649,1.0,1
left_array_A,"6,1","6,3",0.8,1.0,1
left_array_A,"6,1","6,4",1.2,0.5,1
left_array_A,"6,1","7,0",0.566,1.0,1
left_array_A,"6,1","7,2",0.566,1.0,1
left_array_A,"6,1","7,4",1.265,1.0,1
left_array_A,"6,1","7,5",1.649,0.5,1
left_array_A,"6,1","8,1",0.8,1.0,1
left_array_A,"6,1","8,3",1.131,0.5,1
left_array_A,"6,1","8,5",1.789,0.5,1
left_array_A,"6,1","9,2",1.265,1.0,1
left_array_A,"6,1","9,4",1.697,0.5,1
left_array_A,"6,3","6,4",0.4,0.5,1
left_array_A,"6,3","7,0",1.265,1.0,1
left_array_A,"6,3","7,2",0.566,1.0,1
left_array_A,"6,3","7,4",0.566,1.0,1
left_array_A,"6,3","7,5",0.894,0.5,1
left_array_A,"6,3","8,1",1.131,1.0,1
left_array_A,"6,3","8,3",0.8,0.5,1
left_array_A,"6,3","8,5",1.131,0.5,1
left_array_A,"6,3","9,2",1.265,1.0,1
left_array_A,"6,3","9,4",1.265,0.5,1
left_array_A,"6,4","7,0",1.649,0.5,1
left_array_A,"6,4","7,2",0.894,0.5,1
left_array_A,"6,4","7,4",0.4,0.5,1
left_array_A,"6,4","7,5",0.566,1.0,1
left_array_A,"6,4","8,1",1.442,0.5,1
left_array_A,"6,4","8,3",0.894,1.0,1
left_array_A,"6,4","8,5",0.894,0.0,0
left_array_A,"6,4","9,2",1.442,0.5,1
left_array_A,"6,4","9,4",1.2,1.0,1
left_array_A,"7,0","7,2",0.8,1.0,1
left_array_A,"7,0","7,4",1.6,1.0,1
left_array_A,"7,0","7,5",2.0,0.5,1
left_array_A,"7,0","8,1",0.566,1.0,1
left_array_A,"7,0","8,3",1.265,0.5,1
left_array_A,"7,0","8,5",2.04,0.5,1
left_array_A,"7,0","9,2",1.131,1.0,1
left_array_A,"7,0","9,4",1.789,0.5,1
left_array_A,"7,2","7,4",0.8,1.0,1
left_array_A,"7,2","7,5",1.2,0.5,1
left_array_A,"7,2","8,1",0.566,1.0,1
left_array_A,"7,2","8,3",0.566,0.5,1
left_array_A,"7,2","8,5",1.265,0.5,1
left_array_A,"7,2","9,2",0.8,1.0,1
left_array_A,"7,2","9,4",1.131,0.5,1
left_array_A,"7,4","7,5",0.4,0.5,1
left_array_A,"7,4","8,1",1.265,1.0,1
left_array_A,"7,4","8,3",0.566,0.5,1
left_array_A,"7,4","8,5",0.566,0.5,1
left_array_A,"7,4","9,2",1.131,1.0,1
left_array_A,"7,4","9,4",0.8,0.5,1
left_array_A,"7,5","8,1",1.649,0.5,1
left_array_A,"7,5","8,3",0.894,1.0,1
left_array_A,"7,5","8,5",0.4,0.0,0
left_array_A,"7,5","9,2",1.442,0.5,1
left_array_A,"7,5","9,4",0.894,1.0,1
left_array_A,"8,1","8,3",0.8,0.5,1
left_array_A,"8,1","8,5",1.6,0.5,1
left_array_A,"8,1","9,2",0.566,1.0,1
left_array_A,"8,1","9,4",1.265,0.5,1
left_array_A,"8,3","8,5",0.8,0.0,0
left_array_A,"8,3","9,2",0.566,0.5,1
left_array_A,"8,3","9,4",0.566,1.0,1
left_array_A,"8,5","9,2",1.265,0.5,1
left_array_A,"8,5","9,4",0.566,0.0,0
left_array_A,"9,2","9,4",0.8,0.5,1
left_array_B,"0,1","0,3",0.8,0.5,1
left_array_B,"0,1","1,0",0.566,0.5,1
left_array_B,"0,1","1,2",0.566,0.5,1
left_array_B,"0,1","1,4",1.265,1.0,1
left_array_B,"0,1","2,0",0.894,0.333,1
left_array_B,"0,1","2,1",0.8,0.5,1
left_array_B,"0,1","2,3",1.131,0.5,1
left_array_B,"0,1","2,5",1.789,0.333,1
left_array_B,"0,1","3,1",1.2,0.333,1
left_array_B,"0,1","3,2",1.265,0.333,1
left_array_B,"0,1","3,4",1.697,0.333,1
left_array_B,"0,1","4,0",1.649,0.333,1
left_array_B,"0,1","4,1",1.6,0.333,1
left_array_B,"0,1","4,3",1.789,0.333,1
left_array_B,"0,1","4,5",2.263,0.333,1
left_array_B,"0,1","5,0",2.04,0.333,1
left_array_B,"0,1","5,1",2.0,0.333,1
left_array_B,"0,1","5,2",2.04,0.333,1
left_array_B,"0,1","5,4",2.332,0.0,0
left_array_B,"0,1","6,1",2.4,0.333,1
left_array_B,"0,1","6,3",2.53,0.333,1
left_array_B,"0,1","6,5",2.884,0.333,1
left_array_B,"0,1","7,0",2.828,0.333,1
left_array_B,"0,1","7,2",2.828,0.333,1
left_array_B,"0,1","7,4",3.046,0.0,0
left_array_B,"0,1","8,0",3.225,0.0,0
left_array_B,"0,1","8,1",3.2,0.0,0
left_array_B,"0,1","8,3",3.298,0.333,1
left_array_B,"0,1","8,5",3.578,0.0,0
left_array_B,"0,1","9,2",3.622,0.333,1
left_array_B,"0,1","9,4",3.795,0.0,0
left_array_B,"0,3","1,0",1.265,1.0,1
left_array_B,"0,3","1,2",0.566,1.0,1
left_array_B,"0,3","1,4",0.566,0.5,1
left_array_B,"0,3","2,0",1.442,0.5,1
left_array_B,"0,3","2,1",1.131,1.0,1
left_array_B,"0,3","2,3",0.8,1.0,1
left_array_B,"0,3","2,5",1.131,0.5,1
left_array_B,"0,3","3,1",1.442,0.5,1
left_array_B,"0,3","3,2",1.265,0.5,1
left_array_B,"0,3","3,4",1.265,0.5,1
left_array_B,"0,3","4,0",2.0,0.5,1
left_array_B,"0,3","4,1",1.789,0.5,1
left_array_B,"0,3","4,3",1.6,0.5,1
left_array_B,"0,3","4,5",1.789,0.5,1
left_array_B,"0,3","5,0",2.332,0.5,1
left_array_B,"0,3","5,1",2.154,0.5,1
left_array_B,"0,3","5,2",2.04,0.5,1
left_array_B,"0,3","5,4",2.04,0.0,0
left_array_B,"0,3","6,1",2.53,0.5,1
left_array_B,"0,3","6,3",2.4,0.5,1
left_array_B,"0,3","6,5",2.53,0.5,1
left_array_B,"0,3","7,0",3.046,0.5,1
left_array_B,"0,3","7,2",2.828,0.5,1
left_array_B,"0,3","7,4",2.828,0.0,0
left_array_B,"0,3","8,0",3.418,0.0,0
left_array_B,"0,3","8,1",3.298,0.0,0
left_array_B,"0,3","8,3",3.2,0.5,1
left_array_B,"0,3","8,5",3.298,0.0,0
left_array_B,"0,3","9,2",3.622,0.5,1
left_array_B,"0,3","9,4",3.622,0.0,0
left_array_B,"1,0","1,2",0.8,1.0,1
left_array_B,"1,0","1,4",1.6,0.5,1
left_array_B,"1,0","2,0",0.4,0.5,1
left_array_B,"1,0","2,1",0.566,1.0,1
left_array_B,"1,0","2,3",1.265,1.0,1
left_array_B,"1,0","2,5",2.04,0.5,1
left_array_B,"1,0","3,1",0.894,0.5,1
left_array_B,"1,0","3,2",1.131,0.5,1
left_array_B,"1,0","3,4",1.789,0.5,1
left_array_B,"1,0","4,0",1.2,0.5,1
left_array_B,"1,0","4,1",1.265,0.5,1
left_array_B,"1,0","4,3",1.697,0.5,1
left_array_B,"1,0","4,5",2.332,0.5,1
left_array_B,"1,0","5,0",1.6,0.5,1
left_array_B,"1,0","5,1",1.649,0.5,1
left_array_B,"1,0","5,2",1.789,0.5,1
left_array_B,"1,0","5,4",2.263,0.0,0
left_array_B,"1,0","6,1",2.04,0.5,1
left_array_B,"1,0","6,3",2.332,0.5,1
left_array_B,"1,0","6,5",2.828,0.5,1
left_array_B,"1,0","7,0",2.4,0.5,1
left_array_B,"1,0","7,2",2.53,0.5,1
left_array_B,"1,0","7,4",2.884,0.0,0
left_array_B,"1,0","8,0",2.8,0.0,0
left_array_B,"1,0","8,1",2.828,0.0,0
left_array_B,"1,0","8,3",3.046,0.5,1
left_array_B,"1,0","8,5",3.441,0.0,0
left_array_B,"1,0","9,2",3.298,0.5,1
left_array_B,"1,0","9,4",3.578,0.0,0
left_array_B,"1,2","1,4",0.8,0.5,1
left_array_B,"1,2","2,0",0.894,0.5,1
left_array_B,"1,2","2,1",0.566,1.0,1
left_array_B,"1,2","2,3",0.566,1.0,1
left_array_B,"1,2","2,5",1.265,0.5,1
left_array_B,"1,2","3,1",0.894,0.5,1
left_array_B,"1,2","3,2",0.8,0.5,1
left_array_B,"1,2","3,4",1.131,0.5,1
left_array_B,"1,2","4,0",1.442,0.5,1
left_array_B,"1,2","4,1",1.265,0.5,1
left_array_B,"1,2","4,3",1.265,0.5,1
left_array_B,"1,2","4,5",1.697,0.5,1
left_array_B,"1,2","5,0",1.789,0.5,1
left_array_B,"1,2","5,1",1.649,0.5,1
left_array_B,"1,2","5,2",1.6,0.5,1
left_array_B,"1,2","5,4",1.789,0.0,0
left_array_B,"1,2","6,1",2.04,0.5,1
left_array_B,"1,2","6,3",2.04,0.5,1
left_array_B,"1,2","6,5",2.332,0.5,1
left_array_B,"1,2","7,0",2.53,0.5,1
left_array_B,"1,2","7,2",2.4,0.5,1
left_array_B,"1,2","7,4",2.53,0.0,0
left_array_B,"1,2","8,0",2.912,0.0,0
left_array_B,"1,2","8,1",2.828,0.0,0
left_array_B,"1,2","8,3",2.828,0.5,1
left_array_B,"1,2","8,5",3.046,0.0,0
left_array_B,"1,2","9,2",3.2,0.5,1
left_array_B,"1,2","9,4",3.298,0.0,0
left_array_B,"1,4","2,0",1.649,0.333,1
left_array_B,"1,4","2,1",1.265,0.5,1
left_array_B,"1,4","2,3",0.566,0.5,1
left_array_B,"1,4","2,5",0.566,0.333,1
left_array_B,"1,4","3,1",1.442,0.333,1
left_array_B,"1,4","3,2",1.131,0.333,1
left_array_B,"1,4","3,4",0.8,0.333,1
left_array_B,"1,4","4,0",2.0,0.333,1
left_array_B,"1,4","4,1",1.697,0.333,1
left_array_B,"1,4","4,3",1.265,0.333,1
left_array_B,"1,4","4,5",1.265,0.333,1
left_array_B,"1,4","5,0",2.263,0.333,1
left_array_B,"1,4","5,1",2.0,0.333,1
left_array_B,"1,4","5,2",1.789,0.333,1
left_array_B,"1,4","5,4",1.6,0.0,0
left_array_B,"1,4","6,1",2.332,0.333,1
left_array_B,"1,4","6,3",2.04,0.333,1
left_array_B,"1,4","6,5",2.04,0.333,1
left_array_B,"1,4","7,0",2.884,0.333,1
left_array_B,"1,4","7,2",2.53,0.333,1
left_array_B,"1,4","7,4",2.4,0.0,0
left_array_B,"1,4","8,0",3.225,0.0,0
left_array_B,"1,4","8,1",3.046,0.0,0
left_array_B,"1,4","8,3",2.828,0.333,1
left_array_B,"1,4","8,5",2.828,0.0,0
left_array_B,"1,4","9,2",3.298,0.333,1
left_array_B,"1,4","9,4",3.2,0.0,0
left_array_B,"2,0","2,1",0.4,0.5,1
left_array_B,"2,0","2,3",1.2,0.5,1
left_array_B,"2,0","2,5",2.0,1.0,1
left_array_B,"2,0","3,1",0.566,1.0,1
left_array_B,"2,0","3,2",0.894,1.0,1
left_array_B,"2,0","3,4",1.649,1.0,1
left_array_B,"2,0","4,0",0.8,1.0,1
left_array_B,"2,0","4,1",0.894,1.0,1
left_array_B,"2,0","4,3",1.442,1.0,1
left_array_B,"2,0","4,5",2.154,1.0,1
left_array_B,"2,0","5,0",1.2,1.0,1
left_array_B,"2,0","5,1",1.265,1.0,1
left_array_B,"2,0","5,2",1.442,1.0,1
left_array_B,"2,0","5,4",2.0,0.5,1
left_array_B,"2,0","6,1",1.649,1.0,1
left_array_B,"2,0","6,3",2.0,1.0,1
left_array_B,"2,0","6,5",2.561,1.0,1
left_array_B,"2,0","7,0",2.0,1.0,1
left_array_B,"2,0","7,2",2.154,1.0,1
left_array_B,"2,0","7,4",2.561,0.5,1
left_array_B,"2,0","8,0",2.4,0.5,1
left_array_B,"2,0","8,1",2.433,0.5,1
left_array_B,"2,0","8,3",2.683,1.0,1
left_array_B,"2,0","8,5",3.124,0.5,1
left_array_B,"2,0","9,2",2.912,1.0,1
left_array_B,"2,0","9,4",3.225,0.5,1
left_array_B,"2,1","2,3",0.8,1.0,1
left_array_B,"2,1","2,5",1.6,0.5,1
left_array_B,"2,1","3,1",0.4,0.5,1
left_array_B,"2,1","3,2",0.566,0.5,1
left_array_B,"2,1","3,4",1.265,0.5,1
left_array_B,"2,1","4,0",0.894,0.5,1
left_array_B,"2,1","4,1",0.8,0.5,1
left_array_B,"2,1","4,3",1.131,0.5,1
left_array_B,"2,1","4,5",1.789,0.5,1
left_array_B,"2,1","5,0",1.265,0.5,1
left_array_B,"2,1","5,1",1.2,0.5,1
left_array_B,"2,1","5,2",1.265,0.5,1
left_array_B,"2,1","5,4",1.697,0.0,0
left_array_B,"2,1","6,1",1.6,0.5,1
left_array_B,"2,1","6,3",1.789,0.5,1
left_array_B,"2,1","6,5",2.263,0.5,1
left_array_B,"2,1","7,0",2.04,0.5,1
left_array_B,"2,1","7,2",2.04,0.5,1
left_array_B,"2,1","7,4",2.332,0.0,0
left_array_B,"2,1","8,0",2.433,0.0,0
left_array_B,"2,1","8,1",2.4,0.0,0
left_array_B,"2,1","8,3",2.53,0.5,1
left_array_B,"2,1","8,5",2.884,0.0,0
left_array_B,"2,1","9,2",2.828,0.5,1
left_array_B,"2,1","9,4",3.046,0.0,0
left_array_B,"2,3","2,5",0.8,0.5,1
left_array_B,"2,3","3,1",0.894,0.5,1
left_array_B,"2,3","3,2",0.566,0.5,1
left_array_B,"2,3","3,4",0.566,0.5,1
left_array_B,"2,3","4,0",1.442,0.5,1
left_array_B,"2,3","4,1",1.131,0.5,1
left_array_B,"2,3","4,3",0.8,0.5,1
left_array_B,"2,3","4,5",1.131,0.5,1
left_array_B,"2,3","5,0",1.697,0.5,1
left_array_B,"2,3","5,1",1.442,0.5,1
left_array_B,"2,3","5,2",1.265,0.5,1
left_array_B,"2,3","5,4",1.265,0.0,0
left_array_B,"2,3","6,1",1.789,0.5,1
left_array_B,"2,3","6,3",1.6,0.5,1
left_array_B,"2,3","6,5",1.789,0.5,1
left_array_B,"2,3","7,0",2.332,0.5,1
left_array_B,"2,3","7,2",2.04,0.5,1
left_array_B,"2,3","7,4",2.04,0.0,0
left_array_B,"2,3","8,0",2.683,0.0,0
left_array_B,"2,3","8,1",2.53,0.0,0
left_array_B,"2,3","8,3",2.4,0.5,1
left_array_B,"2,3","8,5",2.53,0.0,0
left_array_B,"2,3","9,2",2.828,0.5,1
left_array_B,"2,3","9,4",2.828,0.0,0
left_array_B,"2,5","3,1",1.649,1.0,1
left_array_B,"2,5","3,2",1.265,1.0,1
left_array_B,"2,5","3,4",0.566,1.0,1
left_array_B,"2,5","4,0",2.154,1.0,1
left_array_B,"2,5","4,1",1.789,1.0,1
left_array_B,"2,5","4,3",1.131,1.0,1
left_array_B,"2,5","4,5",0.8,1.0,1
left_array_B,"2,5","5,0",2.332,1.0,1
left_array_B,"2,5","5,1",2.0,1.0,1
left_array_B,"2,5","5,2",1.697,1.0,1
left_array_B,"2,5","5,4",1.265,0.5,1
left_array_B,"2,5","6,1",2.263,1.0,1
left_array_B,"2,5","6,3",1.789,1.0,1
left_array_B,"2,5","6,5",1.6,1.0,1
left_array_B,"2,5","7,0",2.828,1.0,1
left_array_B,"2,5","7,2",2.332,1.0,1
left_array_B,"2,5","7,4",2.04,0.5,1
left_array_B,"2,5","8,0",3.124,0.5,1
left_array_B,"2,5","8,1",2.884,0.5,1
left_array_B,"2,5","8,3",2.53,1.0,1
left_array_B,"2,5","8,5",2.4,0.5,1
left_array_B,"2,5","9,2",3.046,1.0,1
left_array_B,"2,5","9,4",2.828,0.5,1
left_array_B,"3,1","3,2",0.4,1.0,1
left_array_B,"3,1","3,4",1.2,1.0,1
left_array_B,"3,1","4,0",0.566,1.0,1
left_array_B,"3,1","4,1",0.4,1.0,1
left_array_B,"3,1","4,3",0.894,1.0,1
left_array_B,"3,1","4,5",1.649,1.0,1
left_array_B,"3,1","5,0",0.894,1.0,1
left_array_B,"3,1","5,1",0.8,1.0,1
left_array_B,"3,1","5,2",0.894,1.0,1
left_array_B,"3,1","5,4",1.442,0.5,1
left_array_B,"3,1","6,1",1.2,1.0,1
left_array_B,"3,1","6,3",1.442,1.0,1
left_array_B,"3,1","6,5",2.0,1.0,1
left_array_B,"3,1","7,0",1.649,1.0,1
left_array_B,"3,1","7,2",1.649,1.0,1
left_array_B,"3,1","7,4",2.0,0.5,1
left_array_B,"3,1","8,0",2.04,0.5,1
left_array_B,"3,1","8,1",2.0,0.5,1
left_array_B,"3,1","8,3",2.154,1.0,1
left_array_B,"3,1","8,5",2.561,0.5,1
left_array_B,"3,1","9,2",2.433,1.0,1
left_array_B,"3,1","9,4",2.683,0.5,1
left_array_B,"3,2","3,4",0.8,1.0,1
left_array_B,"3,2","4,0",0.894,1.0,1
left_array_B,"3,2","4,1",0.566,1.0,1
left_array_B,"3,2","4,3",0.566,1.0,1
left_array_B,"3,2","4,5",1.265,1.0,1
left_array_B,"3,2","5,0",1.131,1.0,1
left_array_B,"3,2","5,1",0.894,1.0,1
left_array_B,"3,2","5,2",0.8,1.0,1
left_array_B,"3,2","5,4",1.131,0.5,1
left_array_B,"3,2","6,1",1.265,1.0,1
left_array_B,"3,2","6,3",1.265,1.0,1
left_array_B,"3,2","6,5",1.697,1.0,1
left_array_B,"3,2","7,0",1.789,1.0,1
left_array_B,"3,2","7,2",1.6,1.0,1
left_array_B,"3,2","7,4",1.789,0.5,1
left_array_B,"3,2","8,0",2.154,0.5,1
left_array_B,"3,2","8,1",2.04,0.5,1
left_array_B,"3,2","8,3",2.04,1.0,1
left_array_B,"3,2","8,5",2.332,0.5,1
left_array_B,"3,2","9,2",2.4,1.0,1
left_array_B,"3,2","9,4",2.53,0.5,1
left_array_B,"3,4","4,0",1.649,1.0,1
left_array_B,"3,4","4,1",1.265,1.0,1
left_array_B,"3,4","4,3",0.566,1.0,1
left_array_B,"3,4","4,5",0.566,1.0,1
left_array_B,"3,4","5,0",1.789,1.0,1
left_array_B,"3,4","5,1",1.442,1.0,1
left_array_B,"3,4","5,2",1.131,1.0,1
left_array_B,"3,4","5,4",0.8,0.5,1
left_array_B,"3,4","6,1",1.697,1.0,1
left_array_B,"3,4","6,3",1.265,1.0,1
left_array_B,"3,4","6,5",1.265,1.0,1
left_array_B,"3,4","7,0",2.263,1.0,1
left_array_B,"3,4","7,2",1.789,1.0,1
left_array_B,"3,4","7,4",1.6,0.5,1
left_array_B,"3,4","8,0",2.561,0.5,1
left_array_B,"3,4","8,1",2.332,0.5,1
left_array_B,"3,4","8,3",2.04,1.0,1
left_array_B,"3,4","8,5",2.04,0.5,1
left_array_B,"3,4","9,2",2.53,1.0,1
left_array_B,"3,4","9,4",2.4,0.5,1
left_array_B,"4,0","4,1",0.4,1.0,1
left_array_B,"4,0","4,3",1.2,1.0,1
left_array_B,"4,0","4,5",2.0,1.0,1
left_array_B,"4,0","5,0",0.4,1.0,1
left_array_B,"4,0","5,1",0.566,1.0,1
left_array_B,"4,0","5,2",0.894,1.0,1
left_array_B,"4,0","5,4",1.649,0.5,1
left_array_B,"4,0","6,1",0.894,1.0,1
left_array_B,"4,0","6,3",1.442,1.0,1
left_array_B,"4,0","6,5",2.154,1.0,1
left_array_B,"4,0","7,0",1.2,1.0,1
left_array_B,"4,0","7,2",1.442,1.0,1
left_array_B,"4,0","7,4",2.0,0.5,1
left_array_B,"4,0","8,0",1.6,0.5,1
left_array_B,"4,0","8,1",1.649,0.5,1
left_array_B,"4,0","8,3",2.0,1.0,1
left_array_B,"4,0","8,5",2.561,0.5,1
left_array_B,"4,0","9,2",2.154,1.0,1
left_array_B,"4,0","9,4",2.561,0.5,1
left_array_B,"4,1","4,3",0.8,1.0,1
left_array_B,"4,1","4,5",1.6,1.0,1
left_array_B,"4,1","5,0",0.566,1.0,1
left_array_B,"4,1","5,1",0.4,1.0,1
left_array_B,"4,1","5,2",0.566,1.0,1
left_array_B,"4,1","5,4",1.265,0.5,1
left_array_B,"4,1","6,1",0.8,1.0,1
left_array_B,"4,1","6,3",1.131,1.0,1
left_array_B,"4,1","6,5",1.789,1.0,1
left_array_B,"4,1","7,0",1.265,1.0,1
left_array_B,"4,1","7,2",1.265,1.0,1
left_array_B,"4,1","7,4",1.697,0.5,1
left_array_B,"4,1","8,0",1.649,0.5,1
left_array_B,"4,1","8,1",1.6,0.5,1
left_array_B,"4,1","8,3",1.789,1.0,1
left_array_B,"4,1","8,5",2.263,0.5,1
left_array_B,"4,1","9,2",2.04,1.0,1
left_array_B,"4,1","9,4",2.332,0.5,1
left_array_B,"4,3","4,5",0.8,1.0,1
left_array_B,"4,3","5,0",1.265,1.0,1
left_array_B,"4,3","5,1",0.894,1.0,1
left_array_B,"4,3","5,2",0.566,1.0,1
left_array_B,"4,3","5,4",0.566,0.5,1
left_array_B,"4,3","6,1",1.131,1.0,1
left_array_B,"4,3","6,3",0.8,1.0,1
left_array_B,"4,3","6,5",1.131,1.0,1
left_array_B,"4,3","7,0",1.697,1.0,1
left_array_B,"4,3","7,2",1.265,1.0,1
left_array_B,"4,3","7,4",1.265,0.5,1
left_array_B,"4,3","8,0",2.0,0.5,1
left_array_B,"4,3","8,1",1.789,0.5,1
left_array_B,"4,3","8,3",1.6,1.0,1
left_array_B,"4,3","8,5",1.789,0.5,1
left_array_B,"4,3","9,2",2.04,1.0,1
left_array_B,"4,3","9,4",2.04,0.5,1
left_array_B,"4,5","5,0",2.04,1.0,1
left_array_B,"4,5","5,1",1.649,1.0,1
left_array_B,"4,5","5,2",1.265,1.0,1
left_array_B,"4,5","5,4",0.566,0.5,1
left_array_B,"4,5","6,1",1.789,1.0,1
left_array_B,"4,5","6,3",1.131,1.0,1
left_array_B,"4,5","6,5",0.8,1.0,1
left_array_B,"4,5","7,0",2.332,1.0,1
left_array_B,"4,5","7,2",1.697,1.0,1
left_array_B,"4,5","7,4",1.265,0.5,1
left_array_B,"4,5","8,0",2.561,0.5,1
left_array_B,"4,5","8,1",2.263,0.5,1
left_array_B,"4,5","8,3",1.789,1.0,1
left_array_B,"4,5","8,5",1.6,0.5,1
left_array_B,"4,5","9,2",2.332,1.0,1
left_array_B,"4,5","9,4",2.04,0.5,1
left_array_B,"5,0","5,1",0.4,1.0,1
left_array_B,"5,0","5,2",0.8,1.0,1
left_array_B,"5,0","5,4",1.6,0.5,1
left_array_B,"5,0","6,1",0.566,1.0,1
left_array_B,"5,0","6,3",1.265,1.0,1
left_array_B,"5,0","6,5",2.04,1.0,1
left_array_B,"5,0","7,0",0.8,1.0,1
left_array_B,"5,0","7,2",1.131,1.0,1
left_array_B,"5,0","7,4",1.789,0.5,1
left_array_B,"5,0","8,0",1.2,0.5,1
left_array_B,"5,0","8,1",1.265,0.5,1
left_array_B,"5,0","8,3",1.697,1.0,1
left_array_B,"5,0","8,5",2.332,0.5,1
left_array_B,"5,0","9,2",1.789,1.0,1
left_array_B,"5,0","9,4",2.263,0.5,1
left_array_B,"5,1","5,2",0.4,1.0,1
left_array_B,"5,1","5,4",1.2,0.5,1
left_array_B,"5,1","6,1",0.4,1.0,1
left_array_B,"5,1","6,3",0.894,1.0,1
left_array_B,"5,1","6,5",1.649,1.0,1
left_array_B,"5,1","7,0",0.894,1.0,1
left_array_B,"5,1","7,2",0.894,1.0,1
left_array_B,"5,1","7,4",1.442,0.5,1
left_array_B,"5,1","8,0",1.265,0.5,1
left_array_B,"5,1","8,1",1.2,0.5,1
left_array_B,"5,1","8,3",1.442,1.0,1
left_array_B,"5,1","8,5",2.0,0.5,1
left_array_B,"5,1","9,2",1.649,1.0,1
left_array_B,"5,1","9,4",2.0,0.5,1
left_array_B,"5,2","5,4",0.8,0.5,1
left_array_B,"5,2","6,1",0.566,1.0,1
left_array_B,"5,2","6,3",0.566,1.0,1
left_array_B,"5,2","6,5",1.265,1.0,1
left_array_B,"5,2","7,0",1.131,1.0,1
left_array_B,"5,2","7,2",0.8,1.0,1
left_array_B,"5,2","7,4",1.131,0.5,1
left_array_B,"5,2","8,0",1.442,0.5,1
left_array_B,"5,2","8,1",1.265,0.5,1
left_array_B,"5,2","8,3",1.265,1.0,1
left_array_B,"5,2","8,5",1.697,0.5,1
left_array_B,"5,2","9,2",1.6,1.0,1
left_array_B,"5,2","9,4",1.789,0.5,1
left_array_B,"5,4","6,1",1.265,0.5,1
left_array_B,"5,4","6,3",0.566,0.5,1
left_array_B,"5,4","6,5",0.566,0.5,1
left_array_B,"5,4","7,0",1.789,0.5,1
left_array_B,"5,4","7,2",1.131,0.5,1
left_array_B,"5,4","7,4",0.8,1.0,1
left_array_B,"5,4","8,0",2.0,1.0,1
left_array_B,"5,4","8,1",1.697,1.0,1
left_array_B,"5,4","8,3",1.265,0.5,1
left_array_B,"5,4","8,5",1.265,1.0,1
left_array_B,"5,4","9,2",1.789,0.5,1
left_array_B,"5,4","9,4",1.6,1.0,1
left_array_B,"6,1","6,3",0.8,1.0,1
left_array_B,"6,1","6,5",1.6,1.0,1
left_array_B,"6,1","7,0",0.566,1.0,1
left_array_B,"6,1","7,2",0.566,1.0,1
left_array_B,"6,1","7,4",1.265,0.5,1
left_array_B,"6,1","8,0",0.894,0.5,1
left_array_B,"6,1","8,1",0.8,0.5,1
left_array_B,"6,1","8,3",1.131,1.0,1
left_array_B,"6,1","8,5",1.789,0.5,1
left_array_B,"6,1","9,2",1.265,1.0,1
left_array_B,"6,1","9,4",1.697,0.5,1
left_array_B,"6,3","6,5",0.8,1.0,1
left_array_B,"6,3","7,0",1.265,1.0,1
left_array_B,"6,3","7,2",0.566,1.0,1
left_array_B,"6,3","7,4",0.566,0.5,1
left_array_B,"6,3","8,0",1.442,0.5,1
left_array_B,"6,3","8,1",1.131,0.5,1
left_array_B,"6,3","8,3",0.8,1.0,1
left_array_B,"6,3","8,5",1.131,0.5,1
left_array_B,"6,3","9,2",1.265,1.0,1
left_array_B,"6,3","9,4",1.265,0.5,1
left_array_B,"6,5","7,0",2.04,1.0,1
left_array_B,"6,5","7,2",1.265,1.0,1
left_array_B,"6,5","7,4",0.566,0.5,1
left_array_B,"6,5","8,0",2.154,0.5,1
left_array_B,"6,5","8,1",1.789,0.5,1
left_array_B,"6,5","8,3",1.131,1.0,1
left_array_B,"6,5","8,5",0.8,0.5,1
left_array_B,"6,5","9,2",1.697,1.0,1
left_array_B,"6,5","9,4",1.265,0.5,1
left_array_B,"7,0","7,2",0.8,1.0,1
left_array_B,"7,0","7,4",1.6,0.5,1
left_array_B,"7,0","8,0",0.4,0.5,1
left_array_B,"7,0","8,1",0.566,0.5,1
left_array_B,"7,0","8,3",1.265,1.0,1
left_array_B,"7,0","8,5",2.04,0.5,1
left_array_B,"7,0","9,2",1.131,1.0,1
left_array_B,"7,0","9,4",1.789,0.5,1
left_array_B,"7,2","7,4",0.8,0.5,1
left_array_B,"7,2","8,0",0.894,0.5,1
left_array_B,"7,2","8,1",0.566,0.5,1
left_array_B,"7,2","8,3",0.566,1.0,1
left_array_B,"7,2","8,5",1.265,0.5,1
left_array_B,"7,2","9,2",0.8,1.0,1
left_array_B,"7,2","9,4",1.131,0.5,1
left_array_B,"7,4","8,0",1.649,1.0,1
left_array_B,"7,4","8,1",1.265,1.0,1
left_array_B,"7,4","8,3",0.566,0.5,1
left_array_B,"7,4","8,5",0.566,1.0,1
left_array_B,"7,4","9,2",1.131,0.5,1
left_array_B,"7,4","9,4",0.8,1.0,1
left_array_B,"8,0","8,1",0.4,1.0,1
left_array_B,"8,0","8,3",1.2,0.5,1
left_array_B,"8,0","8,5",2.0,1.0,1
left_array_B,"8,0","9,2",0.894,0.5,1
left_array_B,"8,0","9,4",1.649,1.0,1
left_array_B,"8,1","8,3",0.8,0.5,1
left_array_B,"8,1","8,5",1.6,1.0,1
left_array_B,"8,1","9,2",0.566,0.5,1
left_array_B,"8,1","9,4",1.265,1.0,1
left_array_B,"8,3","8,5",0.8,0.5,1
left_array_B,"8,3","9,2",0.566,1.0,1
left_array_B,"8,3","9,4",0.566,0.5,1
left_array_B,"8,5","9,2",1.265,0.5,1
left_array_B,"8,5","9,4",0.566,1.0,1
left_array_B,"9,2","9,4",0.8,0.5,1
right_array,"0,1","0,3",0.8,1.0,1
right_array,"0,1","1,0",0.566,1.0,1
right_array,"0,1","1,2",0.566,1.0,1
right_array,"0,1","1,4",1.265,1.0,1
right_array,"0,1","1,5",1.649,1.0,1
right_array,"0,1","2,1",0.8,1.0,1
right_array,"0,1","2,3",1.131,1.0,1
right_array,"0,1","2,5",1.789,1.0,1
right_array,"0,1","3,0",1.265,1.0,1
right_array,"0,1","3,4",1.697,1.0,1
right_array,"0,1","4,1",1.6,1.0,1
right_array,"0,1","4,3",1.789,1.0,1
right_array,"0,1","5,0",2.04,1.0,1
right_array,"0,1","5,2",2.04,0.5,1
right_array,"0,1","5,4",2.332,0.333,1
right_array,"0,1","5,5",2.561,0.0,0
right_array,"0,1","6,1",2.4,0.0,0
right_array,"0,1","6,3",2.53,0.333,1
right_array,"0,1","6,4",2.683,0.0,0
right_array,"0,1","7,0",2.828,0.333,1
right_array,"0,1","7,2",2.828,0.0,0
right_array,"0,1","7,5",3.225,0.0,0
right_array,"0,1","8,5",3.578,0.0,0
right_array,"0,3","1,0",1.265,1.0,1
right_array,"0,3","1,2",0.566,1.0,1
right_array,"0,3","1,4",0.566,1.0,1
right_array,"0,3","1,5",0.894,1.0,1
right_array,"0,3","2,1",1.131,1.0,1
right_array,"0,3","2,3",0.8,1.0,1
right_array,"0,3","2,5",1.131,1.0,1
right_array,"0,3","3,0",1.697,1.0,1
right_array,"0,3","3,4",1.265,1.0,1
right_array,"0,3","4,1",1.789,1.0,1
right_array,"0,3","4,3",1.6,1.0,1
right_array,"0,3","5,0",2.332,1.0,1
right_array,"0,3","5,2",2.04,0.5,1
right_array,"0,3","5,4",2.04,0.333,1
right_array,"0,3","5,5",2.154,0.0,0
right_array,"0,3","6,1",2.53,0.0,0
right_array,"0,3","6,3",2.4,0.333,1
right_array,"0,3","6,4",2.433,0.0,0
right_array,"0,3","7,0",3.046,0.333,1
right_array,"0,3","7,2",2.828,0.0,0
right_array,"0,3","7,5",2.912,0.0,0
right_array,"0,3","8,5",3.298,0.0,0
right_array,"1,0","1,2",0.8,1.0,1
right_array,"1,0","1,4",1.6,1.0,1
right_array,"1,0","1,5",2.0,1.0,1
right_array,"1,0","2,1",0.566,1.0,1
right_array,"1,0","2,3",1.265,1.0,1
right_array,"1,0","2,5",2.04,1.0,1
right_array,"1,0","3,0",0.8,1.0,1
right_array,"1,0","3,4",1.789,1.0,1
right_array,"1,0","4,1",1.265,1.0,1
right_array,"1,0","4,3",1.697,1.0,1
right_array,"1,0","5,0",1.6,1.0,1
right_array,"1,0","5,2",1.789,0.5,1
right_array,"1,0","5,4",2.263,0.333,1
right_array,"1,0","5,5",2.561,0.0,0
right_array,"1,0","6,1",2.04,0.0,0
right_array,"1,0","6,3",2.332,0.333,1
right_array,"1,0","6,4",2.561,0.0,0
right_array,"1,0","7,0",2.4,0.333,1
right_array,"1,0","7,2",2.53,0.0,0
right_array,"1,0","7,5",3.124,0.0,0
right_array,"1,0","8,5",3.441,0.0,0
right_array,"1,2","1,4",0.8,1.0,1
right_array,"1,2","1,5",1.2,1.0,1
right_array,"1,2","2,1",0.566,1.0,1
right_array,"1,2","2,3",0.566,1.0,1
right_array,"1,2","2,5",1.265,1.0,1
right_array,"1,2","3,0",1.131,1.0,1
right_array,"1,2","3,4",1.131,1.0,1
right_array,"1,2","4,1",1.265,1.0,1
right_array,"1,2","4,3",1.265,1.0,1
right_array,"1,2","5,0",1.789,1.0,1
right_array,"1,2","5,2",1.6,0.5,1
right_array,"1,2","5,4",1.789,0.333,1
right_array,"1,2","5,5",2.0,0.0,0
right_array,"1,2","6,1",2.04,0.0,0
right_array,"1,2","6,3",2.04,0.333,1
right_array,"1,2","6,4",2.154,0.0,0
right_array,"1,2","7,0",2.53,0.333,1
right_array,"1,2","7,2",2.4,0.0,0
right_array,"1,2","7,5",2.683,0.0,0
right_array,"1,2","8,5",3.046,0.0,0
right_array,"1,4","1,5",0.4,1.0,1
right_array,"1,4","2,1",1.265,1.0,1
right_array,"1,4","2,3",0.566,1.0,1
right_array,"1,4","2,5",0.566,1.0,1
right_array,"1,4","3,0",1.789,1.0,1
right_array,"1,4","3,4",0.8,1.0,1
right_array,"1,4","4,1",1.697,1.0,1
right_array,"1,4","4,3",1.265,1.0,1
right_array,"1,4","5,0",2.263,1.0,1
right_array,"1,4","5,2",1.789,0.5,1
right_array,"1,4","5,4",1.6,0.333,1
right_array,"1,4","5,5",1.649,0.0,0
right_array,"1,4","6,1",2.332,0.0,0
right_array,"1,4","6,3",2.04,0.333,1
right_array,"1,4","6,4",2.0,0.0,0
right_array,"1,4","7,0",2.884,0.333,1
right_array,"1,4","7,2",2.53,0.0,0
right_array,"1,4","7,5",2.433,0.0,0
right_array,"1,4","8,5",2.828,0.0,0
right_array,"1,5","2,1",1.649,1.0,1
right_array,"1,5","2,3",0.894,1.0,1
right_array,"1,5","2,5",0.4,1.0,1
right_array,"1,5","3,0",2.154,1.0,1
right_array,"1,5","3,4",0.894,1.0,1
right_array,"1,5","4,1",2.0,1.0,1
right_array,"1,5","4,3",1.442,1.0,1
right_array,"1,5","5,0",2.561,1.0,1
right_array,"1,5","5,2",2.0,0.5,1
right_array,"1,5","5,4",1.649,0.333,1
right_array,"1,5","5,5",1.6,0.0,0
right_array,"1,5","6,1",2.561,0.0,0
right_array,"1,5","6,3",2.154,0.333,1
right_array,"1,5","6,4",2.04,0.0,0
right_array,"1,5","7,0",3.124,0.333,1
right_array,"1,5","7,2",2.683,0.0,0
right_array,"1,5","7,5",2.4,0.0,0
right_array,"1,5","8,5",2.8,0.0,0
right_array,"2,1","2,3",0.8,1.0,1
right_array,"2,1","2,5",1.6,1.0,1
right_array,"2,1","3,0",0.566,1.0,1
right_array,"2,1","3,4",1.265,1.0,1
right_array,"2,1","4,1",0.8,1.0,1
right_array,"2,1","4,3",1.131,1.0,1
right_array,"2,1","5,0",1.265,1.0,1
right_array,"2,1","5,2",1.265,0.5,1
right_array,"2,1","5,4",1.697,0.333,1
right_array,"2,1","5,5",2.0,0.0,0
right_array,"2,1","6,1",1.6,0.0,0
right_array,"2,1","6,3",1.789,0.333,1
right_array,"2,1","6,4",2.0,0.0,0
right_array,"2,1","7,0",2.04,0.333,1
right_array,"2,1","7,2",2.04,0.0,0
right_array,"2,1","7,5",2.561,0.0,0
right_array,"2,1","8,5",2.884,0.0,0
right_array,"2,3","2,5",0.8,1.0,1
right_array,"2,3","3,0",1.265,1.0,1
right_array,"2,3","3,4",0.566,1.0,1
right_array,"2,3","4,1",1.131,1.0,1
right_array,"2,3","4,3",0.8,1.0,1
right_array,"2,3","5,0",1.697,1.0,1
right_array,"2,3","5,2",1.265,0.5,1
right_array,"2,3","5,4",1.265,0.333,1
right_array,"2,3","5,5",1.442,0.0,0
right_array,"2,3","6,1",1.789,0.0,0
right_array,"2,3","6,3",1.6,0.333,1
right_array,"2,3","6,4",1.649,0.0,0
right_array,"2,3","7,0",2.332,0.333,1
right_array,"2,3","7,2",2.04,0.0,0
right_array,"2,3","7,5",2.154,0.0,0
right_array,"2,3","8,5",2.53,0.0,0
right_array,"2,5","3,0",2.04,1.0,1
right_array,"2,5","3,4",0.566,1.0,1
right_array,"2,5","4,1",1.789,1.0,1
right_array,"2,5","4,3",1.131,1.0,1
right_array,"2,5","5,0",2.332,1.0,1
right_array,"2,5","5,2",1.697,0.5,1
right_array,"2,5","5,4",1.265,0.333,1
right_array,"2,5","5,5",1.2,0.0,0
right_array,"2,5","6,1",2.263,0.0,0
right_array,"2,5","6,3",1.789,0.333,1
right_array,"2,5","6,4",1.649,0.0,0
right_array,"2,5","7,0",2.828,0.333,1
right_array,"2,5","7,2",2.332,0.0,0
right_array,"2,5","7,5",2.0,0.0,0
right_array,"2,5","8,5",2.4,0.0,0
right_array,"3,0","3,4",1.6,1.0,1
right_array,"3,0","4,1",0.566,1.0,1
right_array,"3,0","4,3",1.265,1.0,1
right_array,"3,0","5,0",0.8,1.0,1
right_array,"3,0","5,2",1.131,0.5,1
right_array,"3,0","5,4",1.789,0.333,1
right_array,"3,0","5,5",2.154,0.0,0
right_array,"3,0","6,1",1.265,0.0,0
right_array,"3,0","6,3",1.697,0.333,1
right_array,"3,0","6,4",2.0,0.0,0
right_array,"3,0","7,0",1.6,0.333,1
right_array,"3,0","7,2",1.789,0.0,0
right_array,"3,0","7,5",2.561,0.0,0
right_array,"3,0","8,5",2.828,0.0,0
right_array,"3,4","4,1",1.265,1.0,1
right_array,"3,4","4,3",0.566,1.0,1
right_array,"3,4","5,0",1.789,1.0,1
right_array,"3,4","5,2",1.131,0.5,1
right_array,"3,4","5,4",0.8,0.333,1
right_array,"3,4","5,5",0.894,0.0,0
right_array,"3,4","6,1",1.697,0.0,0
right_array,"3,4","6,3",1.265,0.333,1
right_array,"3,4","6,4",1.2,0.0,0
right_array,"3,4","7,0",2.263,0.333,1
right_array,"3,4","7,2",1.789,0.0,0
right_array,"3,4","7,5",1.649,0.0,0
right_array,"3,4","8,5",2.04,0.0,0
right_array,"4,1","4,3",0.8,1.0,1
right_array,"4,1","5,0",0.566,1.0,1
right_array,"4,1","5,2",0.566,0.5,1
right_array,"4,1","5,4",1.265,0.333,1
right_array,"4,1","5,5",1.649,0.0,0
right_array,"4,1","6,1",0.8,0.0,0
right_array,"4,1","6,3",1.131,0.333,1
right_array,"4,1","6,4",1.442,0.0,0
right_array,"4,1","7,0",1.265,0.333,1
right_array,"4,1","7,2",1.265,0.0,0
right_array,"4,1","7,5",2.0,0.0,0
right_array,"4,1","8,5",2.263,0.0,0
right_array,"4,3","5,0",1.265,1.0,1
right_array,"4,3","5,2",0.566,0.5,1
right_array,"4,3","5,4",0.566,0.333,1
right_array,"4,3","5,5",0.894,0.0,0
right_array,"4,3","6,1",1.131,0.0,0
right_array,"4,3","6,3",0.8,0.333,1
right_array,"4,3","6,4",0.894,0.0,0
right_array,"4,3","7,0",1.697,0.333,1
right_array,"4,3","7,2",1.265,0.0,0
right_array,"4,3","7,5",1.442,0.0,0
right_array,"4,3","8,5",1.789,0.0,0
right_array,"5,0","5,2",0.8,0.5,1
right_array,"5,0","5,4",1.6,0.333,1
right_array,"5,0","5,5",2.0,0.0,0
right_array,"5,0","6,1",0.566,0.0,0
right_array,"5,0","6,3",1.265,0.333,1
right_array,"5,0","6,4",1.649,0.0,0
right_array,"5,0","7,0",0.8,0.333,1
right_array,"5,0","7,2",1.131,0.0,0
right_array,"5,0","7,5",2.154,0.0,0
right_array,"5,0","8,5",2.332,0.0,0
right_array,"5,2","5,4",0.8,0.667,1
right_array,"5,2","5,5",1.2,0.333,1
right_array,"5,2","6,1",0.566,0.5,1
right_array,"5,2","6,3",0.566,0.667,1
right_array,"5,2","6,4",0.894,0.5,1
right_array,"5,2","7,0",1.131,0.667,1
right_array,"5,2","7,2",0.8,0.5,1
right_array,"5,2","7,5",1.442,0.5,1
right_array,"5,2","8,5",1.697,0.5,1
right_array,"5,4","5,5",0.4,0.25,1
right_array,"5,4","6,1",1.265,0.333,1
right_array,"5,4","6,3",0.566,0.5,1
right_array,"5,4","6,4",0.4,0.333,1
right_array,"5,4","7,0",1.789,0.5,1
right_array,"5,4","7,2",1.131,0.333,1
right_array,"5,4","7,5",0.894,0.333,1
right_array,"5,4","8,5",1.265,0.333,1
right_array,"5,5","6,1",1.649,0.5,1
right_array,"5,5","6,3",0.894,0.667,1
right_array,"5,5","6,4",0.566,0.5,1
right_array,"5,5","7,0",2.154,0.667,1
right_array,"5,5","7,2",1.442,0.5,1
right_array,"5,5","7,5",0.8,0.5,1
right_array,"5,5","8,5",1.2,0.5,1
right_array,"6,1","6,3",0.8,0.333,1
right_array,"6,1","6,4",1.2,1.0,1
right_array,"6,1","7,0",0.566,0.333,1
right_array,"6,1","7,2",0.566,1.0,1
right_array,"6,1","7,5",1.649,1.0,1
right_array,"6,1","8,5",1.789,1.0,1
right_array,"6,3","6,4",0.4,0.333,1
right_array,"6,3","7,0",1.265,1.0,1
right_array,"6,3","7,2",0.566,0.333,1
right_array,"6,3","7,5",0.894,0.333,1
right_array,"6,3","8,5",1.131,0.333,1
right_array,"6,4","7,0",1.649,0.333,1
right_array,"6,4","7,2",0.894,1.0,1
right_array,"6,4","7,5",0.566,1.0,1
right_array,"6,4","8,5",0.894,1.0,1
right_array,"7,0","7,2",0.8,0.333,1
right_array,"7,0","7,5",2.0,0.333,1
right_array,"7,0","8,5",2.04,0.333,1
right_array,"7,2","7,5",1.2,1.0,1
right_array,"7,2","8,5",1.265,1.0,1
right_array,"7,5","8,5",0.4,1.0,1
