participant,array,grid_row,grid_col,x_mm_assumed,y_mm_assumed,status,regions,fractions,source,DIGITISED
FG,medial,0,0,0.0,0.0,responsive,FA_post,FA_post:1.00,Armenta Salas 2018 eLife Fig 2B (PMC5896877),yes
FG,medial,0,1,0.4,0.0,responsive,UA_post,UA_post:1.00,Armenta Salas 2018 eLife Fig 2B (PMC5896877),yes
FG,medial,0,2,0.8,0.0,responsive,UA_post,UA_post:1.00,Armenta Salas 2018 eLife Fig 2B (PMC5896877),yes
FG,medial,0,3,1.2,0.0,no_sensation,,none:1.00,Armenta Salas 2018 eLife Fig 2B (PMC5896877),yes
FG,medial,0,4,1.6,0.0,no_sensation,,none:1.00,Armenta Salas 2018 eLife Fig 2B (PMC5896877),yes
FG,medial,0,5,2.0,0.0,responsive,UA_post,UA_post:1.00,Armenta Salas 2018 eLife Fig 2B (PMC5896877),yes
FG,medial,0,6,2.4,0.0,no_sensation,,none:1.00,Armenta Salas 2018 eLife Fig 2B (PMC5896877),yes
FG,medial,1,0,0.0,0.4,responsive,UA_post,UA_post:1.00,Armenta Salas 2018 eLife Fig 2B (PMC5896877),yes
FG,medial,1,1,0.4,0.4,responsive,UA_ant,UA_ant:1.00,Armenta Salas 2018 eLife Fig 2B (PMC5896877),yes
FG,medial,1,2,0.8,0.4,no_sensation,,none:1.00,Armenta Salas 2018 eLife Fig 2B (PMC5896877),yes
FG,medial,1,3,1.2,0.4,no_sensation,,none:1.00,Armenta Salas 2018 eLife Fig 2B (PMC5896877),yes
FG,medial,1,4,1.6,0.4,responsive,UA_ant,UA_ant:1.00,Armenta Salas 2018 eLife Fig 2B (PMC5896877),yes
FG,medial,1,5,2.0,0.4,responsive,hand|FA_post|UA_post,hand:0.33;FA_post:0.33;UA_post:0.33,Armenta Salas 2018 eLife Fig 2B (PMC5896877),yes
FG,medial,1,6,2.4,0.4,responsive,FA_post,FA_post:1.00,Armenta Salas 2018 eLife Fig 2B (PMC5896877),yes
FG,medial,2,0,0.0,0.8,responsive,UA_post,UA_post:1.00,Armenta Salas 2018 eLife Fig 2B (PMC5896877),yes
FG,medial,2,1,0.4,0.8,no_sensation,,none:1.00,Armenta Salas 2018 eLife Fig 2B (PMC5896877),yes
FG,medial,2,2,0.8,0.8,responsive,FA_ant,FA_ant:1.00,Armenta Salas 2018 eLife Fig 2B (PMC5896877),yes
FG,medial,2,3,1.2,0.8,no_sensation,,none:1.00,Armenta Salas 2018 eLife Fig 2B (PMC5896877),yes
FG,medial,2,4,1.6,0.8,no_sensation,,none:1.00,Armenta Salas 2018 eLife Fig 2B (PMC5896877),yes
FG,medial,2,5,2.0,0.8,responsive,UA_ant,UA_ant:1.00,Armenta Salas 2018 eLife Fig 2B (PMC5896877),yes
FG,medial,2,6,2.4,0.8,responsive,FA_post,FA_post:1.00,Armenta Salas 2018 eLife Fig 2B (PMC5896877),yes
FG,medial,3,0,0.0,1.2,no_sensation,,none:1.00,Armenta Salas 2018 eLife Fig 2B (PMC5896877),yes
FG,medial,3,1,0.4,1.2,responsive,UA_post,UA_post:1.00,Armenta Salas 2018 eLife Fig 2B (PMC5896877),yes
FG,medial,3,2,0.8,1.2,no_sensation,,none:1.00,Armenta Salas 2018 eLife Fig 2B (PMC5896877),yes
FG,medial,3,3,1.2,1.2,no_sensation,,none:1.00,Armenta Salas 2018 eLife Fig 2B (PMC5896877),yes
FG,medial,3,4,1.6,1.2,responsive,UA_post,UA_post:1.00,Armenta Salas 2018 eLife Fig 2B (PMC5896877),yes
FG,medial,3,5,2.0,1.2,responsive,UA_post,UA_post:1.00,Armenta Salas 2018 eLife Fig 2B (PMC5896877),yes
FG,medial,3,6,2.4,1.2,responsive,UA_ant,UA_ant:1.00,Armenta Salas 2018 eLife Fig 2B (PMC5896877),yes
FG,medial,4,0,0.0,1.6,no_sensation,,none:1.00,Armenta Salas 2018 eLife Fig 2B (PMC5896877),yes
FG,medial,4,1,0.4,1.6,no_sensation,,none:1.00,Armenta Salas 2018 eLife Fig 2B (PMC5896877),yes
FG,medial,4,2,0.8,1.6,responsive,UA_post,UA_post:1.00,Armenta Salas 2018 eLife Fig 2B (PMC5896877),yes
FG,medial,4,3,1.2,1.6,no_sensation,,none:1.00,Armenta Salas 2018 eLife Fig 2B (PMC5896877),yes
FG,medial,4,4,1.6,1.6,responsive,UA_post|UA_ant,UA_post:0.50;UA_ant:0.50,Armenta Salas 2018 eLife Fig 2B (PMC5896877),yes
FG,medial,4,5,2.0,1.6,no_sensation,,none:1.00,Armenta Salas 2018 eLife Fig 2B (PMC5896877),yes
FG,medial,4,6,2.4,1.6,no_sensation,,none:1.00,Armenta Salas 2018 eLife Fig 2B (PMC5896877),yes
FG,medial,5,0,0.0,2.0,responsive,UA_ant,UA_ant:1.00,Armenta Salas 2018 eLife Fig 2B (PMC5896877),yes
FG,medial,5,1,0.4,2.0,no_sensation,,none:1.00,Armenta Salas 2018 eLife Fig 2B (PMC5896877),yes
FG,medial,5,2,0.8,2.0,responsive,UA_ant,UA_ant:1.00,Armenta Salas 2018 eLife Fig 2B (PMC5896877),yes
FG,medial,5,3,1.2,2.0,no_sensation,,none:1.00,Armenta Salas 2018 eLife Fig 2B (PMC5896877),yes
FG,medial,5,4,1.6,2.0,responsive,UA_ant,UA_ant:1.00,Armenta Salas 2018 eLife Fig 2B (PMC5896877),yes
FG,medial,5,5,2.0,2.0,responsive,FA_post|UA_post|UA_ant,FA_post:0.33;UA_post:0.33;UA_ant:0.33,Armenta Salas 2018 eLife Fig 2B (PMC5896877),yes
FG,medial,5,6,2.4,2.0,no_sensation,,none:1.00,Armenta Salas 2018 eLife Fig 2B (PMC5896877),yes
FG,medial,6,0,0.0,2.4,no_sensation,,none:1.00,Armenta Salas 2018 eLife Fig 2B (PMC5896877),yes
FG,medial,6,1,0.4,2.4,responsive,FA_post,FA_post:1.00,Armenta Salas 2018 eLife Fig 2B (PMC5896877),yes
FG,medial,6,2,0.8,2.4,no_sensation,,none:1.00,Armenta Salas 2018 eLife Fig 2B (PMC5896877),yes
FG,medial,6,3,1.2,2.4,no_sensation,,none:1.00,Armenta Salas 2018 eLife Fig 2B (PMC5896877),yes
FG,medial,6,4,1.6,2.4,responsive,UA_post,UA_post:1.00,Armenta Salas 2018 eLife Fig 2B (PMC5896877),yes
FG,medial,6,5,2.0,2.4,no_sensation,,none:1.00,Armenta Salas 2018 eLife Fig 2B (PMC5896877),yes
FG,medial,6,6,2.4,2.4,reference,,reference:0.92;star_yellow:0.08,Armenta Salas 2018 eLife Fig 2B (PMC5896877),yes
FG,lateral,0,0,0.0,0.0,no_sensation,,none:1.00,Armenta Salas 2018 eLife Fig 2B (PMC5896877),yes
FG,lateral,0,1,0.4,0.0,responsive,FA_post,FA_post:1.00,Armenta Salas 2018 eLife Fig 2B (PMC5896877),yes
FG,lateral,0,2,0.8,0.0,no_sensation,,none:1.00,Armenta Salas 2018 eLife Fig 2B (PMC5896877),yes
FG,lateral,0,3,1.2,0.0,no_sensation,,none:1.00,Armenta Salas 2018 eLife Fig 2B (PMC5896877),yes
FG,lateral,0,4,1.6,0.0,no_sensation,,none:1.00,Armenta Salas 2018 eLife Fig 2B (PMC5896877),yes
FG,lateral,0,5,2.0,0.0,responsive,UA_post,UA_post:1.00,Armenta Salas 2018 eLife Fig 2B (PMC5896877),yes
FG,lateral,0,6,2.4,0.0,no_sensation,,none:1.00,Armenta Salas 2018 eLife Fig 2B (PMC5896877),yes
FG,lateral,1,0,0.0,0.4,responsive,FA_post,FA_post:1.00,Armenta Salas 2018 eLife Fig 2B (PMC5896877),yes
FG,lateral,1,1,0.4,0.4,no_sensation,,none:1.00,Armenta Salas 2018 eLife Fig 2B (PMC5896877),yes
FG,lateral,1,2,0.8,0.4,responsive,FA_post,FA_post:1.00,Armenta Salas 2018 eLife Fig 2B (PMC5896877),yes
FG,lateral,1,3,1.2,0.4,no_sensation,,none:1.00,Armenta Salas 2018 eLife Fig 2B (PMC5896877),yes
FG,lateral,1,4,1.6,0.4,responsive,FA_post|UA_post,FA_post:0.50;UA_post:0.50,Armenta Salas 2018 eLife Fig 2B (PMC5896877),yes
FG,lateral,1,5,2.0,0.4,no_sensation,,none:1.00,Armenta Salas 2018 eLife Fig 2B (PMC5896877),yes
FG,lateral,1,6,2.4,0.4,no_sensation,,none:1.00,Armenta Salas 2018 eLife Fig 2B (PMC5896877),yes
FG,lateral,2,0,0.0,0.8,responsive,UA_ant,UA_ant:1.00,Armenta Salas 2018 eLife Fig 2B (PMC5896877),yes
FG,lateral,2,1,0.4,0.8,no_sensation,,none:1.00,Armenta Salas 2018 eLife Fig 2B (PMC5896877),yes
FG,lateral,2,2,0.8,0.8,no_sensation,,none:1.00,Armenta Salas 2018 eLife Fig 2B (PMC5896877),yes
FG,lateral,2,3,1.2,0.8,responsive,UA_post,UA_post:1.00,Armenta Salas 2018 eLife Fig 2B (PMC5896877),yes
FG,lateral,2,4,1.6,0.8,no_sensation,,none:1.00,Armenta Salas 2018 eLife Fig 2B (PMC5896877),yes
FG,lateral,2,5,2.0,0.8,no_sensation,,none:1.00,Armenta Salas 2018 eLife Fig 2B (PMC5896877),yes
FG,lateral,2,6,2.4,0.8,responsive,hand,hand:1.00,Armenta Salas 2018 eLife Fig 2B (PMC5896877),yes
FG,lateral,3,0,0.0,1.2,responsive,UA_post,UA_post:1.00,Armenta Salas 2018 eLife Fig 2B (PMC5896877),yes
FG,lateral,3,1,0.4,1.2,no_sensation,,none:1.00,Armenta Salas 2018 eLife Fig 2B (PMC5896877),yes
FG,lateral,3,2,0.8,1.2,responsive,FA_post,FA_post:1.00,Armenta Salas 2018 eLife Fig 2B (PMC5896877),yes
FG,lateral,3,3,1.2,1.2,no_sensation,,none:1.00,Armenta Salas 2018 eLife Fig 2B (PMC5896877),yes
FG,lateral,3,4,1.6,1.2,no_sensation,,none:1.00,Armenta Salas 2018 eLife Fig 2B (PMC5896877),yes
FG,lateral,3,5,2.0,1.2,no_sensation,,none:1.00,Armenta Salas 2018 eLife Fig 2B (PMC5896877),yes
FG,lateral,3,6,2.4,1.2,no_sensation,,none:1.00,Armenta Salas 2018 eLife Fig 2B (PMC5896877),yes
FG,lateral,4,0,0.0,1.6,responsive,FA_post,FA_post:1.00,Armenta Salas 2018 eLife Fig 2B (PMC5896877),yes
FG,lateral,4,1,0.4,1.6,responsive,FA_ant,FA_ant:1.00,Armenta Salas 2018 eLife Fig 2B (PMC5896877),yes
FG,lateral,4,2,0.8,1.6,responsive,FA_post|UA_post|UA_ant,FA_post:0.33;UA_post:0.33;UA_ant:0.33,Armenta Salas 2018 eLife Fig 2B (PMC5896877),yes
FG,lateral,4,3,1.2,1.6,responsive,FA_post|UA_post,FA_post:0.50;UA_post:0.50,Armenta Salas 2018 eLife Fig 2B (PMC5896877),yes
FG,lateral,4,4,1.6,1.6,responsive,FA_post,FA_post:1.00,Armenta Salas 2018 eLife Fig 2B (PMC5896877),yes
FG,lateral,4,5,2.0,1.6,responsive,UA_ant,UA_ant:1.00,Armenta Salas 2018 eLife Fig 2B (PMC5896877),yes
FG,lateral,4,6,2.4,1.6,responsive,UA_post,UA_post:1.00,Armenta Salas 2018 eLife Fig 2B (PMC5896877),yes
FG,lateral,5,0,0.0,2.0,no_sensation,,none:1.00,Armenta Salas 2018 eLife Fig 2B (PMC5896877),yes
FG,lateral,5,1,0.4,2.0,no_sensation,,none:1.00,Armenta Salas 2018 eLife Fig 2B (PMC5896877),yes
FG,lateral,5,2,0.8,2.0,responsive,FA_post,FA_post:1.00,Armenta Salas 2018 eLife Fig 2B (PMC5896877),yes
FG,lateral,5,3,1.2,2.0,no_sensation,,none:1.00,Armenta Salas 2018 eLife Fig 2B (PMC5896877),yes
FG,lateral,5,4,1.6,2.0,responsive,FA_post|UA_post|UA_ant,FA_post:0.33;UA_post:0.33;UA_ant:0.33,Armenta Salas 2018 eLife Fig 2B (PMC5896877),yes
FG,lateral,5,5,2.0,2.0,no_sensation,,none:1.00,Armenta Salas 2018 eLife Fig 2B (PMC5896877),yes
FG,lateral,5,6,2.4,2.0,no_sensation,,none:1.00,Armenta Salas 2018 eLife Fig 2B (PMC5896877),yes
FG,lateral,6,0,0.0,2.4,no_sensation,,none:1.00,Armenta Salas 2018 eLife Fig 2B (PMC5896877),yes
FG,lateral,6,1,0.4,2.4,no_sensation,,none:1.00,Armenta Salas 2018 eLife Fig 2B (PMC5896877),yes
FG,lateral,6,2,0.8,2.4,no_sensation,,none:1.00,Armenta Salas 2018 eLife Fig 2B (PMC5896877),yes
FG,lateral,6,3,1.2,2.4,responsive,UA_ant,UA_ant:1.00,Armenta Salas 2018 eLife Fig 2B (PMC5896877),yes
FG,lateral,6,4,1.6,2.4,responsive,UA_post,UA_post:1.00,Armenta Salas 2018 eLife Fig 2B (PMC5896877),yes
FG,lateral,6,5,2.0,2.4,no_sensation,,none:1.00,Armenta Salas 2018 eLife Fig 2B (PMC5896877),yes
FG,lateral,6,6,2.4,2.4,reference,,reference:0.89;FA_post:0.08;star_magenta:0.03,Armenta Salas 2018 eLife Fig 2B (PMC5896877),yes
