option,label,raised_now_nok,owner_pct_after_round,investor_pct_after_round,next_round,next_new_money_nok,next_pre_money_nok,binds,owner_pct_after_next,investor_pct_after_next,pool_pct_after_next,owner_pct_after_seriesA_base,owner_pct_after_seriesA_stress,status
a4,(a) priced NOK1M @ 4M pre,1000000,80.0,20.0,N1 seed NOK10M@40M,10000000,40000000,,56.0,14.0,10.0,42.0,37.33,ESTIMATE
a4,(a) priced NOK1M @ 4M pre,1000000,80.0,20.0,N2 NOK38M(USD4.0M)@120M,38025200,120000000,,52.75,13.19,10.0,39.56,35.17,ESTIMATE
a4,(a) priced NOK1M @ 4M pre,1000000,80.0,20.0,S10 stress NOK10M@10M,10000000,10000000,,32.0,8.0,10.0,24.0,21.33,ESTIMATE
a4,(a) priced NOK1M @ 4M pre,1000000,80.0,20.0,S20 stress NOK10M@20M,10000000,20000000,,45.33,11.33,10.0,34.0,30.22,ESTIMATE
a4,(a) priced NOK1M @ 4M pre,1000000,80.0,20.0,S40 stress NOK10M@40M,10000000,40000000,,56.0,14.0,10.0,42.0,37.33,ESTIMATE
a6,(a) priced NOK1M @ 6M pre,1000000,85.71,14.29,N1 seed NOK10M@40M,10000000,40000000,,60.0,10.0,10.0,45.0,40.0,ESTIMATE
a6,(a) priced NOK1M @ 6M pre,1000000,85.71,14.29,N2 NOK38M(USD4.0M)@120M,38025200,120000000,,56.52,9.42,10.0,42.39,37.68,ESTIMATE
a6,(a) priced NOK1M @ 6M pre,1000000,85.71,14.29,S10 stress NOK10M@10M,10000000,10000000,,34.29,5.71,10.0,25.71,22.86,ESTIMATE
a6,(a) priced NOK1M @ 6M pre,1000000,85.71,14.29,S20 stress NOK10M@20M,10000000,20000000,,48.57,8.1,10.0,36.43,32.38,ESTIMATE
a6,(a) priced NOK1M @ 6M pre,1000000,85.71,14.29,S40 stress NOK10M@40M,10000000,40000000,,60.0,10.0,10.0,45.0,40.0,ESTIMATE
a8,(a) priced NOK1M @ 8M pre,1000000,88.89,11.11,N1 seed NOK10M@40M,10000000,40000000,,62.22,7.78,10.0,46.67,41.48,ESTIMATE
a8,(a) priced NOK1M @ 8M pre,1000000,88.89,11.11,N2 NOK38M(USD4.0M)@120M,38025200,120000000,,58.61,7.33,10.0,43.96,39.07,ESTIMATE
a8,(a) priced NOK1M @ 8M pre,1000000,88.89,11.11,S10 stress NOK10M@10M,10000000,10000000,,35.56,4.44,10.0,26.67,23.7,ESTIMATE
a8,(a) priced NOK1M @ 8M pre,1000000,88.89,11.11,S20 stress NOK10M@20M,10000000,20000000,,50.37,6.3,10.0,37.78,33.58,ESTIMATE
a8,(a) priced NOK1M @ 8M pre,1000000,88.89,11.11,S40 stress NOK10M@40M,10000000,40000000,,62.22,7.78,10.0,46.67,41.48,ESTIMATE
a10,(a) priced NOK1M @ 10M pre,1000000,90.91,9.09,N1 seed NOK10M@40M,10000000,40000000,,63.64,6.36,10.0,47.73,42.42,ESTIMATE
a10,(a) priced NOK1M @ 10M pre,1000000,90.91,9.09,N2 NOK38M(USD4.0M)@120M,38025200,120000000,,59.94,5.99,10.0,44.96,39.96,ESTIMATE
a10,(a) priced NOK1M @ 10M pre,1000000,90.91,9.09,S10 stress NOK10M@10M,10000000,10000000,,36.36,3.64,10.0,27.27,24.24,ESTIMATE
a10,(a) priced NOK1M @ 10M pre,1000000,90.91,9.09,S20 stress NOK10M@20M,10000000,20000000,,51.52,5.15,10.0,38.64,34.34,ESTIMATE
a10,(a) priced NOK1M @ 10M pre,1000000,90.91,9.09,S40 stress NOK10M@40M,10000000,40000000,,63.64,6.36,10.0,47.73,42.42,ESTIMATE
a15,(a) priced NOK1M @ 15M pre,1000000,93.75,6.25,N1 seed NOK10M@40M,10000000,40000000,,65.63,4.38,10.0,49.22,43.75,ESTIMATE
a15,(a) priced NOK1M @ 15M pre,1000000,93.75,6.25,N2 NOK38M(USD4.0M)@120M,38025200,120000000,,61.82,4.12,10.0,46.36,41.21,ESTIMATE
a15,(a) priced NOK1M @ 15M pre,1000000,93.75,6.25,S10 stress NOK10M@10M,10000000,10000000,,37.5,2.5,10.0,28.13,25.0,ESTIMATE
a15,(a) priced NOK1M @ 15M pre,1000000,93.75,6.25,S20 stress NOK10M@20M,10000000,20000000,,53.13,3.54,10.0,39.84,35.42,ESTIMATE
a15,(a) priced NOK1M @ 15M pre,1000000,93.75,6.25,S40 stress NOK10M@40M,10000000,40000000,,65.63,4.38,10.0,49.22,43.75,ESTIMATE
a20,(a) priced NOK1M @ 20M pre,1000000,95.24,4.76,N1 seed NOK10M@40M,10000000,40000000,,66.67,3.33,10.0,50.0,44.44,ESTIMATE
a20,(a) priced NOK1M @ 20M pre,1000000,95.24,4.76,N2 NOK38M(USD4.0M)@120M,38025200,120000000,,62.8,3.14,10.0,47.1,41.86,ESTIMATE
a20,(a) priced NOK1M @ 20M pre,1000000,95.24,4.76,S10 stress NOK10M@10M,10000000,10000000,,38.1,1.9,10.0,28.57,25.4,ESTIMATE
a20,(a) priced NOK1M @ 20M pre,1000000,95.24,4.76,S20 stress NOK10M@20M,10000000,20000000,,53.97,2.7,10.0,40.48,35.98,ESTIMATE
a20,(a) priced NOK1M @ 20M pre,1000000,95.24,4.76,S40 stress NOK10M@40M,10000000,40000000,,66.67,3.33,10.0,50.0,44.44,ESTIMATE
b,(b) convertible NOK1M cap12M/20%/5%,1000000,100.0,0.0,N1 seed NOK10M@40M,10000000,40000000,cap,64.12,5.88,10.0,48.09,42.75,ESTIMATE
b,(b) convertible NOK1M cap12M/20%/5%,1000000,100.0,0.0,N2 NOK38M(USD4.0M)@120M,38025200,120000000,cap,60.4,5.54,10.0,45.3,40.27,ESTIMATE
b,(b) convertible NOK1M cap12M/20%/5%,1000000,100.0,0.0,S10 stress NOK10M@10M,10000000,10000000,discount,33.13,6.87,10.0,24.84,22.08,ESTIMATE
b,(b) convertible NOK1M cap12M/20%/5%,1000000,100.0,0.0,S20 stress NOK10M@20M,10000000,20000000,cap,51.91,4.76,10.0,38.93,34.61,ESTIMATE
b,(b) convertible NOK1M cap12M/20%/5%,1000000,100.0,0.0,S40 stress NOK10M@40M,10000000,40000000,cap,64.12,5.88,10.0,48.09,42.75,ESTIMATE
c,(c) NOK1M @ 8M pre + warrant NOK1M @20M cap,1000000,88.89,11.11,N1 seed NOK10M@40M,10000000,40000000,warrant cap,59.26,10.74,10.0,44.44,39.51,ESTIMATE
c,(c) NOK1M @ 8M pre + warrant NOK1M @20M cap,1000000,88.89,11.11,N2 NOK38M(USD4.0M)@120M,38025200,120000000,warrant cap,55.82,10.12,10.0,41.86,37.21,ESTIMATE
c,(c) NOK1M @ 8M pre + warrant NOK1M @20M cap,1000000,88.89,11.11,S10 stress NOK10M@10M,10000000,10000000,seed price (cap not binding),31.11,8.89,10.0,23.33,20.74,ESTIMATE
c,(c) NOK1M @ 8M pre + warrant NOK1M @20M cap,1000000,88.89,11.11,S20 stress NOK10M@20M,10000000,20000000,seed price (cap not binding),47.41,9.26,10.0,35.56,31.6,ESTIMATE
c,(c) NOK1M @ 8M pre + warrant NOK1M @20M cap,1000000,88.89,11.11,S40 stress NOK10M@40M,10000000,40000000,warrant cap,59.26,10.74,10.0,44.44,39.51,ESTIMATE
d8,(d) NOK500k @ 8M pre + pro-rata,500000,94.12,5.88,N1 seed NOK10M@40M,10000000,40000000,,65.88,5.29,10.0,49.41,43.92,ESTIMATE
d8,(d) NOK500k @ 8M pre + pro-rata,500000,94.12,5.88,N2 NOK38M(USD4.0M)@120M,38025200,120000000,,62.06,5.29,10.0,46.54,41.37,ESTIMATE
d8,(d) NOK500k @ 8M pre + pro-rata,500000,94.12,5.88,S10 stress NOK10M@10M,10000000,10000000,,37.65,5.29,10.0,28.24,25.1,ESTIMATE
d8,(d) NOK500k @ 8M pre + pro-rata,500000,94.12,5.88,S20 stress NOK10M@20M,10000000,20000000,,53.33,5.29,10.0,40.0,35.56,ESTIMATE
d8,(d) NOK500k @ 8M pre + pro-rata,500000,94.12,5.88,S40 stress NOK10M@40M,10000000,40000000,,65.88,5.29,10.0,49.41,43.92,ESTIMATE
d10,(d) NOK500k @ 10M pre + pro-rata,500000,95.24,4.76,N1 seed NOK10M@40M,10000000,40000000,,66.67,4.29,10.0,50.0,44.44,ESTIMATE
d10,(d) NOK500k @ 10M pre + pro-rata,500000,95.24,4.76,N2 NOK38M(USD4.0M)@120M,38025200,120000000,,62.8,4.29,10.0,47.1,41.86,ESTIMATE
d10,(d) NOK500k @ 10M pre + pro-rata,500000,95.24,4.76,S10 stress NOK10M@10M,10000000,10000000,,38.1,4.29,10.0,28.57,25.4,ESTIMATE
d10,(d) NOK500k @ 10M pre + pro-rata,500000,95.24,4.76,S20 stress NOK10M@20M,10000000,20000000,,53.97,4.29,10.0,40.48,35.98,ESTIMATE
d10,(d) NOK500k @ 10M pre + pro-rata,500000,95.24,4.76,S40 stress NOK10M@40M,10000000,40000000,,66.67,4.29,10.0,50.0,44.44,ESTIMATE
