# ALL VALUES ARE ESTIMATE (pre-product; no customers, revenue or commitments). Generated by financial-model.py; see its ASSUMPTIONS section for sources. USD. FX 9.5063 NOK/USD (Norges Bank 2026-09-25).
scenario,year,metric,value
base,1,arr_end_billed,0.0
base,1,arr_end_list,0.0
base,1,revenue_recognised,40000.0
base,1,revenue_subscription,0.0
base,1,revenue_services,40000.0
base,1,design_partner_discount,0.0
base,1,cogs,25525.0
base,1,gross_margin_pct,36.19
base,1,opex_rd,216023.42
base,1,opex_sm_people_commission,0.0
base,1,opex_marketing_programme,13333.33
base,1,opex_ga,102563.32
base,1,opex_assurance_must_be_quoted,27800.74
base,1,opex_total,359720.82
base,1,prephase_cost,102648.13
base,1,ebitda,-345245.82
base,1,net_burn,345245.82
base,1,cumulative_burn,345245.82
base,1,equity_raised,1157127.38
base,1,cash_end,811881.56
base,1,runway_months,13.0
base,1,headcount_end,5
base,1,logos_total,0.0
base,1,logos_S1,0.0
base,1,logos_S2,0.0
base,1,logos_S3,0.0
base,1,logos_S4,0.0
base,1,heads_software_engineer,3
base,1,heads_neuro_data_scientist,1
base,1,heads_devops_security,0
base,1,heads_product_designer,0
base,1,heads_regulatory_qa,0
base,1,heads_account_exec,0
base,1,heads_customer_success,0
base,1,heads_marketing_devrel,0
base,1,heads_g_and_a_ops,0
base,1,heads_founder,1
base,2,arr_end_billed,282486.9
base,2,arr_end_list,403728.58
base,2,revenue_recognised,266447.87
base,2,revenue_subscription,106447.87
base,2,revenue_services,160000.0
base,2,design_partner_discount,45931.31
base,2,cogs,127321.76
base,2,gross_margin_pct,52.22
base,2,opex_rd,884874.05
base,2,opex_sm_people_commission,71670.96
base,2,opex_marketing_programme,100000.0
base,2,opex_ga,276000.0
base,2,opex_assurance_must_be_quoted,160000.0
base,2,opex_total,1492545.0
base,2,prephase_cost,0.0
base,2,ebitda,-1353418.89
base,2,net_burn,1353418.89
base,2,cumulative_burn,1698664.7
base,2,equity_raised,4000000.0
base,2,cash_end,3458462.68
base,2,runway_months,22.04
base,2,headcount_end,13
base,2,logos_total,19.04
base,2,logos_S1,3.23
base,2,logos_S2,5.63
base,2,logos_S3,10.18
base,2,logos_S4,0.0
base,2,heads_software_engineer,5
base,2,heads_neuro_data_scientist,1
base,2,heads_devops_security,1
base,2,heads_product_designer,1
base,2,heads_regulatory_qa,1
base,2,heads_account_exec,1
base,2,heads_customer_success,1
base,2,heads_marketing_devrel,1
base,2,heads_g_and_a_ops,0
base,2,heads_founder,1
base,3,arr_end_billed,1145247.81
base,3,arr_end_list,1202748.92
base,3,revenue_recognised,916823.36
base,3,revenue_subscription,676823.36
base,3,revenue_services,240000.0
base,3,design_partner_discount,125676.43
base,3,cogs,346030.3
base,3,gross_margin_pct,62.26
base,3,opex_rd,1777768.53
base,3,opex_sm_people_commission,505428.73
base,3,opex_marketing_programme,200000.0
base,3,opex_ga,295333.33
base,3,opex_assurance_must_be_quoted,110000.0
base,3,opex_total,2888530.6
base,3,prephase_cost,0.0
base,3,ebitda,-2317737.54
base,3,net_burn,2317737.54
base,3,cumulative_burn,4016402.25
base,3,equity_raised,0.0
base,3,cash_end,1140725.13
base,3,runway_months,6.68
base,3,headcount_end,14
base,3,logos_total,53.99
base,3,logos_S1,8.32
base,3,logos_S2,15.14
base,3,logos_S3,29.88
base,3,logos_S4,0.65
base,3,heads_software_engineer,6
base,3,heads_neuro_data_scientist,1
base,3,heads_devops_security,1
base,3,heads_product_designer,1
base,3,heads_regulatory_qa,1
base,3,heads_account_exec,1
base,3,heads_customer_success,1
base,3,heads_marketing_devrel,1
base,3,heads_g_and_a_ops,0
base,3,heads_founder,1
base,4,arr_end_billed,2278190.97
base,4,arr_end_list,2278190.97
base,4,revenue_recognised,2047077.99
base,4,revenue_subscription,1747077.99
base,4,revenue_services,300000.0
base,4,design_partner_discount,7135.05
base,4,cogs,537926.25
base,4,gross_margin_pct,73.72
base,4,opex_rd,2374430.09
base,4,opex_sm_people_commission,783362.36
base,4,opex_marketing_programme,350000.0
base,4,opex_ga,548865.65
base,4,opex_assurance_must_be_quoted,115000.0
base,4,opex_total,4171658.1
base,4,prephase_cost,0.0
base,4,ebitda,-2662506.36
base,4,net_burn,2662506.36
base,4,cumulative_burn,6678908.6
base,4,equity_raised,12000000.0
base,4,cash_end,10478218.78
base,4,runway_months,41.95
base,4,headcount_end,26
base,4,logos_total,95.79
base,4,logos_S1,13.86
base,4,logos_S2,26.38
base,4,logos_S3,53.37
base,4,logos_S4,2.18
base,4,heads_software_engineer,9
base,4,heads_neuro_data_scientist,2
base,4,heads_devops_security,2
base,4,heads_product_designer,1
base,4,heads_regulatory_qa,2
base,4,heads_account_exec,3
base,4,heads_customer_success,3
base,4,heads_marketing_devrel,2
base,4,heads_g_and_a_ops,1
base,4,heads_founder,1
base,5,arr_end_billed,3627753.07
base,5,arr_end_list,3627753.07
base,5,revenue_recognised,3336343.1
base,5,revenue_subscription,2976343.1
base,5,revenue_services,360000.0
base,5,design_partner_discount,0.0
base,5,cogs,860297.11
base,5,gross_margin_pct,74.21
base,5,opex_rd,3322078.22
base,5,opex_sm_people_commission,1360320.3
base,5,opex_marketing_programme,500000.0
base,5,opex_ga,618870.85
base,5,opex_assurance_must_be_quoted,125000.0
base,5,opex_total,5926269.37
base,5,prephase_cost,0.0
base,5,ebitda,-3450223.37
base,5,net_burn,3450223.37
base,5,cumulative_burn,10129131.97
base,5,equity_raised,0.0
base,5,cash_end,7027995.4
base,5,runway_months,23.48
base,5,headcount_end,34
base,5,logos_total,139.7
base,5,logos_S1,20.44
base,5,logos_S2,37.73
base,5,logos_S3,77.01
base,5,logos_S4,4.52
base,5,heads_software_engineer,11
base,5,heads_neuro_data_scientist,3
base,5,heads_devops_security,2
base,5,heads_product_designer,2
base,5,heads_regulatory_qa,2
base,5,heads_account_exec,4
base,5,heads_customer_success,4
base,5,heads_marketing_devrel,3
base,5,heads_g_and_a_ops,2
base,5,heads_founder,1
bear,1,arr_end_billed,0.0
bear,1,arr_end_list,0.0
bear,1,revenue_recognised,24000.0
bear,1,revenue_subscription,0.0
bear,1,revenue_services,24000.0
bear,1,design_partner_discount,0.0
bear,1,cogs,14175.0
bear,1,gross_margin_pct,40.94
bear,1,opex_rd,21807.72
bear,1,opex_sm_people_commission,0.0
bear,1,opex_marketing_programme,0.0
bear,1,opex_ga,35344.98
bear,1,opex_assurance_must_be_quoted,9467.41
bear,1,opex_total,66620.11
bear,1,prephase_cost,71195.11
bear,1,ebitda,-56795.11
bear,1,net_burn,56795.11
bear,1,cumulative_burn,56795.11
bear,1,equity_raised,105193.4
bear,1,cash_end,48398.29
bear,1,runway_months,15.1
bear,1,headcount_end,1
bear,1,logos_total,0.0
bear,1,logos_S1,0.0
bear,1,logos_S2,0.0
bear,1,logos_S3,0.0
bear,1,logos_S4,0.0
bear,1,heads_software_engineer,0
bear,1,heads_neuro_data_scientist,0
bear,1,heads_devops_security,0
bear,1,heads_product_designer,0
bear,1,heads_regulatory_qa,0
bear,1,heads_account_exec,0
bear,1,heads_customer_success,0
bear,1,heads_marketing_devrel,0
bear,1,heads_g_and_a_ops,0
bear,1,heads_founder,1
bear,2,arr_end_billed,16977.5
bear,2,arr_end_list,24477.5
bear,2,revenue_recognised,97414.79
bear,2,revenue_subscription,1414.79
bear,2,revenue_services,96000.0
bear,2,design_partner_discount,625.0
bear,2,cogs,56970.74
bear,2,gross_margin_pct,41.52
bear,2,opex_rd,517551.04
bear,2,opex_sm_people_commission,2127.75
bear,2,opex_marketing_programme,55000.0
bear,2,opex_ga,205278.75
bear,2,opex_assurance_must_be_quoted,146666.67
bear,2,opex_total,926624.2
bear,2,prephase_cost,5262.73
bear,2,ebitda,-886180.15
bear,2,net_burn,886180.15
bear,2,cumulative_burn,942975.26
bear,2,equity_raised,1051933.98
bear,2,cash_end,214152.12
bear,2,runway_months,2.69
bear,2,headcount_end,4
bear,2,logos_total,1.5
bear,2,logos_S1,0.25
bear,2,logos_S2,0.45
bear,2,logos_S3,0.8
bear,2,logos_S4,0.0
bear,2,heads_software_engineer,2
bear,2,heads_neuro_data_scientist,1
bear,2,heads_devops_security,0
bear,2,heads_product_designer,0
bear,2,heads_regulatory_qa,0
bear,2,heads_account_exec,0
bear,2,heads_customer_success,0
bear,2,heads_marketing_devrel,0
bear,2,heads_g_and_a_ops,0
bear,2,heads_founder,1
bear,3,arr_end_billed,218264.48
bear,3,arr_end_list,303395.5
bear,3,revenue_recognised,264524.28
bear,3,revenue_subscription,120524.28
bear,3,revenue_services,144000.0
bear,3,design_partner_discount,52893.66
bear,3,cogs,214517.93
bear,3,gross_margin_pct,18.9
bear,3,opex_rd,882928.32
bear,3,opex_sm_people_commission,205792.72
bear,3,opex_marketing_programme,120000.0
bear,3,opex_ga,328666.67
bear,3,opex_assurance_must_be_quoted,110000.0
bear,3,opex_total,1647387.71
bear,3,prephase_cost,0.0
bear,3,ebitda,-1597381.36
bear,3,net_burn,1597381.36
bear,3,cumulative_burn,2540356.62
bear,3,equity_raised,2500000.0
bear,3,cash_end,1116770.76
bear,3,runway_months,5.98
bear,3,headcount_end,11
bear,3,logos_total,17.91
bear,3,logos_S1,3.05
bear,3,logos_S2,5.12
bear,3,logos_S3,9.68
bear,3,logos_S4,0.05
bear,3,heads_software_engineer,4
bear,3,heads_neuro_data_scientist,1
bear,3,heads_devops_security,1
bear,3,heads_product_designer,0
bear,3,heads_regulatory_qa,1
bear,3,heads_account_exec,1
bear,3,heads_customer_success,1
bear,3,heads_marketing_devrel,1
bear,3,heads_g_and_a_ops,0
bear,3,heads_founder,1
bear,4,arr_end_billed,640883.96
bear,4,arr_end_list,686259.08
bear,4,revenue_recognised,613331.16
bear,4,revenue_subscription,433331.16
bear,4,revenue_services,180000.0
bear,4,design_partner_discount,77102.21
bear,4,cogs,344666.86
bear,4,gross_margin_pct,43.8
bear,4,opex_rd,1346963.9
bear,4,opex_sm_people_commission,483547.54
bear,4,opex_marketing_programme,200000.0
bear,4,opex_ga,308000.0
bear,4,opex_assurance_must_be_quoted,115000.0
bear,4,opex_total,2453511.45
bear,4,prephase_cost,0.0
bear,4,ebitda,-2184847.15
bear,4,net_burn,2184847.15
bear,4,cumulative_burn,4725203.77
bear,4,equity_raised,0.0
bear,4,cash_end,-1068076.39
bear,4,runway_months,0.0
bear,4,headcount_end,11
bear,4,logos_total,38.81
bear,4,logos_S1,5.99
bear,4,logos_S2,10.45
bear,4,logos_S3,21.72
bear,4,logos_S4,0.65
bear,4,heads_software_engineer,4
bear,4,heads_neuro_data_scientist,1
bear,4,heads_devops_security,1
bear,4,heads_product_designer,0
bear,4,heads_regulatory_qa,1
bear,4,heads_account_exec,1
bear,4,heads_customer_success,1
bear,4,heads_marketing_devrel,1
bear,4,heads_g_and_a_ops,0
bear,4,heads_founder,1
bear,5,arr_end_billed,1150614.64
bear,5,arr_end_list,1150614.64
bear,5,revenue_recognised,1145240.72
bear,5,revenue_subscription,929240.72
bear,5,revenue_services,216000.0
bear,5,design_partner_discount,8764.16
bear,5,cogs,493993.11
bear,5,gross_margin_pct,56.87
bear,5,opex_rd,2127680.69
bear,5,opex_sm_people_commission,775410.36
bear,5,opex_marketing_programme,300000.0
bear,5,opex_ga,570044.57
bear,5,opex_assurance_must_be_quoted,125000.0
bear,5,opex_total,3898135.62
bear,5,prephase_cost,0.0
bear,5,ebitda,-3246888.01
bear,5,net_burn,3246888.01
bear,5,cumulative_burn,7972091.77
bear,5,equity_raised,7000000.0
bear,5,cash_end,2685035.6
bear,5,runway_months,9.79
bear,5,headcount_end,20
bear,5,logos_total,61.04
bear,5,logos_S1,9.09
bear,5,logos_S2,16.12
bear,5,logos_S3,34.11
bear,5,logos_S4,1.72
bear,5,heads_software_engineer,7
bear,5,heads_neuro_data_scientist,2
bear,5,heads_devops_security,1
bear,5,heads_product_designer,1
bear,5,heads_regulatory_qa,1
bear,5,heads_account_exec,2
bear,5,heads_customer_success,2
bear,5,heads_marketing_devrel,2
bear,5,heads_g_and_a_ops,1
bear,5,heads_founder,1
bull,1,arr_end_billed,0.0
bull,1,arr_end_list,0.0
bull,1,revenue_recognised,52000.0
bull,1,revenue_subscription,0.0
bull,1,revenue_services,52000.0
bull,1,design_partner_discount,0.0
bull,1,cogs,30325.0
bull,1,gross_margin_pct,41.68
bull,1,opex_rd,238333.08
bull,1,opex_sm_people_commission,0.0
bull,1,opex_marketing_programme,25000.0
bull,1,opex_ga,109201.24
bull,1,opex_assurance_must_be_quoted,32384.07
bull,1,opex_total,404918.39
bull,1,prephase_cost,90616.17
bull,1,ebitda,-383243.39
bull,1,net_burn,383243.39
bull,1,cumulative_burn,383243.39
bull,1,equity_raised,1157127.38
bull,1,cash_end,773883.99
bull,1,runway_months,12.26
bull,1,headcount_end,5
bull,1,logos_total,0.0
bull,1,logos_S1,0.0
bull,1,logos_S2,0.0
bull,1,logos_S3,0.0
bull,1,logos_S4,0.0
bull,1,heads_software_engineer,3
bull,1,heads_neuro_data_scientist,1
bull,1,heads_devops_security,0
bull,1,heads_product_designer,0
bull,1,heads_regulatory_qa,0
bull,1,heads_account_exec,0
bull,1,heads_customer_success,0
bull,1,heads_marketing_devrel,0
bull,1,heads_g_and_a_ops,0
bull,1,heads_founder,1
bull,2,arr_end_billed,593692.37
bull,2,arr_end_list,811246.37
bull,2,revenue_recognised,465351.09
bull,2,revenue_subscription,257351.09
bull,2,revenue_services,208000.0
bull,2,design_partner_discount,113948.73
bull,2,cogs,139966.92
bull,2,gross_margin_pct,69.92
bull,2,opex_rd,978643.82
bull,2,opex_sm_people_commission,108094.46
bull,2,opex_marketing_programme,150000.0
bull,2,opex_ga,317710.31
bull,2,opex_assurance_must_be_quoted,160000.0
bull,2,opex_total,1714448.58
bull,2,prephase_cost,0.0
bull,2,ebitda,-1389064.41
bull,2,net_burn,1389064.41
bull,2,cumulative_burn,1772307.8
bull,2,equity_raised,5000000.0
bull,2,cash_end,4384819.58
bull,2,runway_months,25.93
bull,2,headcount_end,16
bull,2,logos_total,33.41
bull,2,logos_S1,5.67
bull,2,logos_S2,9.89
bull,2,logos_S3,17.86
bull,2,logos_S4,0.0
bull,2,heads_software_engineer,6
bull,2,heads_neuro_data_scientist,2
bull,2,heads_devops_security,1
bull,2,heads_product_designer,1
bull,2,heads_regulatory_qa,1
bull,2,heads_account_exec,1
bull,2,heads_customer_success,1
bull,2,heads_marketing_devrel,1
bull,2,heads_g_and_a_ops,1
bull,2,heads_founder,1
bull,3,arr_end_billed,2275802.56
bull,3,arr_end_list,2275802.56
bull,3,revenue_recognised,1771844.78
bull,3,revenue_subscription,1459844.78
bull,3,revenue_services,312000.0
bull,3,design_partner_discount,103208.03
bull,3,cogs,407519.72
bull,3,gross_margin_pct,77.0
bull,3,opex_rd,2321369.07
bull,3,opex_sm_people_commission,698095.02
bull,3,opex_marketing_programme,300000.0
bull,3,opex_ga,509899.43
bull,3,opex_assurance_must_be_quoted,110000.0
bull,3,opex_total,3939363.52
bull,3,prephase_cost,0.0
bull,3,ebitda,-2575038.47
bull,3,net_burn,2575038.47
bull,3,cumulative_burn,4347346.27
bull,3,equity_raised,18000000.0
bull,3,cash_end,19809781.11
bull,3,runway_months,90.59
bull,3,headcount_end,25
bull,3,logos_total,87.0
bull,3,logos_S1,13.13
bull,3,logos_S2,24.51
bull,3,logos_S3,48.23
bull,3,logos_S4,1.13
bull,3,heads_software_engineer,9
bull,3,heads_neuro_data_scientist,2
bull,3,heads_devops_security,2
bull,3,heads_product_designer,1
bull,3,heads_regulatory_qa,2
bull,3,heads_account_exec,3
bull,3,heads_customer_success,2
bull,3,heads_marketing_devrel,2
bull,3,heads_g_and_a_ops,1
bull,3,heads_founder,1
bull,4,arr_end_billed,4320104.92
bull,4,arr_end_list,4320104.92
bull,4,revenue_recognised,3732233.26
bull,4,revenue_subscription,3342233.26
bull,4,revenue_services,390000.0
bull,4,design_partner_discount,0.0
bull,4,cogs,786466.88
bull,4,gross_margin_pct,78.93
bull,4,opex_rd,3341379.06
bull,4,opex_sm_people_commission,1333433.95
bull,4,opex_marketing_programme,500000.0
bull,4,opex_ga,602657.78
bull,4,opex_assurance_must_be_quoted,115000.0
bull,4,opex_total,5892470.8
bull,4,prephase_cost,0.0
bull,4,ebitda,-2946704.41
bull,4,net_burn,2946704.41
bull,4,cumulative_burn,7294050.68
bull,4,equity_raised,0.0
bull,4,cash_end,16863076.7
bull,4,runway_months,68.43
bull,4,headcount_end,35
bull,4,logos_total,151.04
bull,4,logos_S1,21.39
bull,4,logos_S2,42.14
bull,4,logos_S3,83.98
bull,4,logos_S4,3.53
bull,4,heads_software_engineer,12
bull,4,heads_neuro_data_scientist,3
bull,4,heads_devops_security,2
bull,4,heads_product_designer,2
bull,4,heads_regulatory_qa,2
bull,4,heads_account_exec,4
bull,4,heads_customer_success,4
bull,4,heads_marketing_devrel,3
bull,4,heads_g_and_a_ops,2
bull,4,heads_founder,1
bull,5,arr_end_billed,6999444.96
bull,5,arr_end_list,6999444.96
bull,5,revenue_recognised,6193220.88
bull,5,revenue_subscription,5725220.88
bull,5,revenue_services,468000.0
bull,5,design_partner_discount,0.0
bull,5,cogs,1218588.9
bull,5,gross_margin_pct,80.32
bull,5,opex_rd,4451239.84
bull,5,opex_sm_people_commission,2076182.64
bull,5,opex_marketing_programme,750000.0
bull,5,opex_ga,825161.89
bull,5,opex_assurance_must_be_quoted,125000.0
bull,5,opex_total,8227584.38
bull,5,prephase_cost,0.0
bull,5,ebitda,-3252952.4
bull,5,net_burn,3252952.4
bull,5,cumulative_burn,10547003.07
bull,5,equity_raised,0.0
bull,5,cash_end,13610124.3
bull,5,runway_months,50.6
bull,5,headcount_end,47
bull,5,logos_total,219.06
bull,5,logos_S1,31.51
bull,5,logos_S2,60.13
bull,5,logos_S3,120.32
bull,5,logos_S4,7.1
bull,5,heads_software_engineer,15
bull,5,heads_neuro_data_scientist,4
bull,5,heads_devops_security,3
bull,5,heads_product_designer,2
bull,5,heads_regulatory_qa,3
bull,5,heads_account_exec,6
bull,5,heads_customer_success,6
bull,5,heads_marketing_devrel,4
bull,5,heads_g_and_a_ops,3
bull,5,heads_founder,1
lean,1,arr_end_billed,0.0
lean,1,arr_end_list,0.0
lean,1,revenue_recognised,40000.0
lean,1,revenue_subscription,0.0
lean,1,revenue_services,40000.0
lean,1,design_partner_discount,0.0
lean,1,cogs,20575.0
lean,1,gross_margin_pct,48.56
lean,1,opex_rd,21807.72
lean,1,opex_sm_people_commission,0.0
lean,1,opex_marketing_programme,0.0
lean,1,opex_ga,35344.98
lean,1,opex_assurance_must_be_quoted,9467.41
lean,1,opex_total,66620.11
lean,1,prephase_cost,71195.11
lean,1,ebitda,-47195.11
lean,1,net_burn,47195.11
lean,1,cumulative_burn,47195.11
lean,1,equity_raised,105193.4
lean,1,cash_end,57998.29
lean,1,runway_months,31.62
lean,1,headcount_end,1
lean,1,logos_total,0.0
lean,1,logos_S1,0.0
lean,1,logos_S2,0.0
lean,1,logos_S3,0.0
lean,1,logos_S4,0.0
lean,1,heads_software_engineer,0
lean,1,heads_neuro_data_scientist,0
lean,1,heads_devops_security,0
lean,1,heads_product_designer,0
lean,1,heads_regulatory_qa,0
lean,1,heads_account_exec,0
lean,1,heads_customer_success,0
lean,1,heads_marketing_devrel,0
lean,1,heads_g_and_a_ops,0
lean,1,heads_founder,1
lean,2,arr_end_billed,0.0
lean,2,arr_end_list,0.0
lean,2,revenue_recognised,80000.0
lean,2,revenue_subscription,0.0
lean,2,revenue_services,80000.0
lean,2,design_partner_discount,0.0
lean,2,cogs,38000.0
lean,2,gross_margin_pct,52.5
lean,2,opex_rd,21807.72
lean,2,opex_sm_people_commission,0.0
lean,2,opex_marketing_programme,0.0
lean,2,opex_ga,35344.98
lean,2,opex_assurance_must_be_quoted,0.0
lean,2,opex_total,57152.7
lean,2,prephase_cost,63152.7
lean,2,ebitda,-15152.7
lean,2,net_burn,15152.7
lean,2,cumulative_burn,62347.81
lean,2,equity_raised,0.0
lean,2,cash_end,42845.58
lean,2,runway_months,33.93
lean,2,headcount_end,1
lean,2,logos_total,0.0
lean,2,logos_S1,0.0
lean,2,logos_S2,0.0
lean,2,logos_S3,0.0
lean,2,logos_S4,0.0
lean,2,heads_software_engineer,0
lean,2,heads_neuro_data_scientist,0
lean,2,heads_devops_security,0
lean,2,heads_product_designer,0
lean,2,heads_regulatory_qa,0
lean,2,heads_account_exec,0
lean,2,heads_customer_success,0
lean,2,heads_marketing_devrel,0
lean,2,heads_g_and_a_ops,0
lean,2,heads_founder,1
lean,3,arr_end_billed,0.0
lean,3,arr_end_list,0.0
lean,3,revenue_recognised,80000.0
lean,3,revenue_subscription,0.0
lean,3,revenue_services,80000.0
lean,3,design_partner_discount,0.0
lean,3,cogs,38000.0
lean,3,gross_margin_pct,52.5
lean,3,opex_rd,21807.72
lean,3,opex_sm_people_commission,0.0
lean,3,opex_marketing_programme,0.0
lean,3,opex_ga,35344.98
lean,3,opex_assurance_must_be_quoted,0.0
lean,3,opex_total,57152.7
lean,3,prephase_cost,63152.7
lean,3,ebitda,-15152.7
lean,3,net_burn,15152.7
lean,3,cumulative_burn,77500.52
lean,3,equity_raised,0.0
lean,3,cash_end,27692.88
lean,3,runway_months,21.93
lean,3,headcount_end,1
lean,3,logos_total,0.0
lean,3,logos_S1,0.0
lean,3,logos_S2,0.0
lean,3,logos_S3,0.0
lean,3,logos_S4,0.0
lean,3,heads_software_engineer,0
lean,3,heads_neuro_data_scientist,0
lean,3,heads_devops_security,0
lean,3,heads_product_designer,0
lean,3,heads_regulatory_qa,0
lean,3,heads_account_exec,0
lean,3,heads_customer_success,0
lean,3,heads_marketing_devrel,0
lean,3,heads_g_and_a_ops,0
lean,3,heads_founder,1
lean,4,arr_end_billed,0.0
lean,4,arr_end_list,0.0
lean,4,revenue_recognised,80000.0
lean,4,revenue_subscription,0.0
lean,4,revenue_services,80000.0
lean,4,design_partner_discount,0.0
lean,4,cogs,38000.0
lean,4,gross_margin_pct,52.5
lean,4,opex_rd,21807.72
lean,4,opex_sm_people_commission,0.0
lean,4,opex_marketing_programme,0.0
lean,4,opex_ga,35344.98
lean,4,opex_assurance_must_be_quoted,0.0
lean,4,opex_total,57152.7
lean,4,prephase_cost,63152.7
lean,4,ebitda,-15152.7
lean,4,net_burn,15152.7
lean,4,cumulative_burn,92653.22
lean,4,equity_raised,0.0
lean,4,cash_end,12540.18
lean,4,runway_months,9.93
lean,4,headcount_end,1
lean,4,logos_total,0.0
lean,4,logos_S1,0.0
lean,4,logos_S2,0.0
lean,4,logos_S3,0.0
lean,4,logos_S4,0.0
lean,4,heads_software_engineer,0
lean,4,heads_neuro_data_scientist,0
lean,4,heads_devops_security,0
lean,4,heads_product_designer,0
lean,4,heads_regulatory_qa,0
lean,4,heads_account_exec,0
lean,4,heads_customer_success,0
lean,4,heads_marketing_devrel,0
lean,4,heads_g_and_a_ops,0
lean,4,heads_founder,1
lean,5,arr_end_billed,0.0
lean,5,arr_end_list,0.0
lean,5,revenue_recognised,80000.0
lean,5,revenue_subscription,0.0
lean,5,revenue_services,80000.0
lean,5,design_partner_discount,0.0
lean,5,cogs,38000.0
lean,5,gross_margin_pct,52.5
lean,5,opex_rd,21807.72
lean,5,opex_sm_people_commission,0.0
lean,5,opex_marketing_programme,0.0
lean,5,opex_ga,35344.98
lean,5,opex_assurance_must_be_quoted,0.0
lean,5,opex_total,57152.7
lean,5,prephase_cost,63152.7
lean,5,ebitda,-15152.7
lean,5,net_burn,15152.7
lean,5,cumulative_burn,107805.92
lean,5,equity_raised,0.0
lean,5,cash_end,-2612.53
lean,5,runway_months,0.0
lean,5,headcount_end,1
lean,5,logos_total,0.0
lean,5,logos_S1,0.0
lean,5,logos_S2,0.0
lean,5,logos_S3,0.0
lean,5,logos_S4,0.0
lean,5,heads_software_engineer,0
lean,5,heads_neuro_data_scientist,0
lean,5,heads_devops_security,0
lean,5,heads_product_designer,0
lean,5,heads_regulatory_qa,0
lean,5,heads_account_exec,0
lean,5,heads_customer_success,0
lean,5,heads_marketing_devrel,0
lean,5,heads_g_and_a_ops,0
lean,5,heads_founder,1
base+data_low,1,arr_end_billed,0.0
base+data_low,1,arr_end_list,0.0
base+data_low,1,revenue_recognised,40000.0
base+data_low,1,revenue_subscription,0.0
base+data_low,1,revenue_services,40000.0
base+data_low,1,design_partner_discount,0.0
base+data_low,1,cogs,25525.0
base+data_low,1,gross_margin_pct,36.19
base+data_low,1,opex_rd,216023.42
base+data_low,1,opex_sm_people_commission,0.0
base+data_low,1,opex_marketing_programme,13333.33
base+data_low,1,opex_ga,102563.32
base+data_low,1,opex_assurance_must_be_quoted,27800.74
base+data_low,1,opex_total,359720.82
base+data_low,1,prephase_cost,102648.13
base+data_low,1,ebitda,-345245.82
base+data_low,1,net_burn,345245.82
base+data_low,1,cumulative_burn,345245.82
base+data_low,1,equity_raised,1157127.38
base+data_low,1,cash_end,811881.56
base+data_low,1,runway_months,13.0
base+data_low,1,headcount_end,5
base+data_low,1,logos_total,0.0
base+data_low,1,logos_S1,0.0
base+data_low,1,logos_S2,0.0
base+data_low,1,logos_S3,0.0
base+data_low,1,logos_S4,0.0
base+data_low,1,heads_software_engineer,3
base+data_low,1,heads_neuro_data_scientist,1
base+data_low,1,heads_devops_security,0
base+data_low,1,heads_product_designer,0
base+data_low,1,heads_regulatory_qa,0
base+data_low,1,heads_account_exec,0
base+data_low,1,heads_customer_success,0
base+data_low,1,heads_marketing_devrel,0
base+data_low,1,heads_g_and_a_ops,0
base+data_low,1,heads_founder,1
base+data_low,1,revenue_data_asset_UPSIDE,0.0
base+data_low,1,arr_end_incl_data_UPSIDE,0.0
base+data_low,2,arr_end_billed,282486.9
base+data_low,2,arr_end_list,403728.58
base+data_low,2,revenue_recognised,286447.87
base+data_low,2,revenue_subscription,106447.87
base+data_low,2,revenue_services,160000.0
base+data_low,2,design_partner_discount,45931.31
base+data_low,2,cogs,131321.76
base+data_low,2,gross_margin_pct,54.16
base+data_low,2,opex_rd,943874.05
base+data_low,2,opex_sm_people_commission,71670.96
base+data_low,2,opex_marketing_programme,100000.0
base+data_low,2,opex_ga,276000.0
base+data_low,2,opex_assurance_must_be_quoted,160000.0
base+data_low,2,opex_total,1551545.0
base+data_low,2,prephase_cost,0.0
base+data_low,2,ebitda,-1396418.89
base+data_low,2,net_burn,1396418.89
base+data_low,2,cumulative_burn,1741664.7
base+data_low,2,equity_raised,4000000.0
base+data_low,2,cash_end,3415462.68
base+data_low,2,runway_months,21.28
base+data_low,2,headcount_end,13
base+data_low,2,logos_total,19.04
base+data_low,2,logos_S1,3.23
base+data_low,2,logos_S2,5.63
base+data_low,2,logos_S3,10.18
base+data_low,2,logos_S4,0.0
base+data_low,2,heads_software_engineer,5
base+data_low,2,heads_neuro_data_scientist,1
base+data_low,2,heads_devops_security,1
base+data_low,2,heads_product_designer,1
base+data_low,2,heads_regulatory_qa,1
base+data_low,2,heads_account_exec,1
base+data_low,2,heads_customer_success,1
base+data_low,2,heads_marketing_devrel,1
base+data_low,2,heads_g_and_a_ops,0
base+data_low,2,heads_founder,1
base+data_low,2,revenue_data_asset_UPSIDE,20000.0
base+data_low,2,arr_end_incl_data_UPSIDE,302486.9
base+data_low,3,arr_end_billed,1145247.81
base+data_low,3,arr_end_list,1202748.92
base+data_low,3,revenue_recognised,968823.36
base+data_low,3,revenue_subscription,676823.36
base+data_low,3,revenue_services,240000.0
base+data_low,3,design_partner_discount,125676.43
base+data_low,3,cogs,358350.3
base+data_low,3,gross_margin_pct,63.01
base+data_low,3,opex_rd,1836768.53
base+data_low,3,opex_sm_people_commission,505428.73
base+data_low,3,opex_marketing_programme,200000.0
base+data_low,3,opex_ga,295333.33
base+data_low,3,opex_assurance_must_be_quoted,110000.0
base+data_low,3,opex_total,2947530.6
base+data_low,3,prephase_cost,0.0
base+data_low,3,ebitda,-2337057.54
base+data_low,3,net_burn,2337057.54
base+data_low,3,cumulative_burn,4078722.25
base+data_low,3,equity_raised,0.0
base+data_low,3,cash_end,1078405.13
base+data_low,3,runway_months,6.26
base+data_low,3,headcount_end,14
base+data_low,3,logos_total,53.99
base+data_low,3,logos_S1,8.32
base+data_low,3,logos_S2,15.14
base+data_low,3,logos_S3,29.88
base+data_low,3,logos_S4,0.65
base+data_low,3,heads_software_engineer,6
base+data_low,3,heads_neuro_data_scientist,1
base+data_low,3,heads_devops_security,1
base+data_low,3,heads_product_designer,1
base+data_low,3,heads_regulatory_qa,1
base+data_low,3,heads_account_exec,1
base+data_low,3,heads_customer_success,1
base+data_low,3,heads_marketing_devrel,1
base+data_low,3,heads_g_and_a_ops,0
base+data_low,3,heads_founder,1
base+data_low,3,revenue_data_asset_UPSIDE,52000.0
base+data_low,3,arr_end_incl_data_UPSIDE,1197247.81
base+data_low,4,arr_end_billed,2278190.97
base+data_low,4,arr_end_list,2278190.97
base+data_low,4,revenue_recognised,2131077.99
base+data_low,4,revenue_subscription,1747077.99
base+data_low,4,revenue_services,300000.0
base+data_low,4,design_partner_discount,7135.05
base+data_low,4,cogs,556646.25
base+data_low,4,gross_margin_pct,73.88
base+data_low,4,opex_rd,2374430.09
base+data_low,4,opex_sm_people_commission,783362.36
base+data_low,4,opex_marketing_programme,350000.0
base+data_low,4,opex_ga,548865.65
base+data_low,4,opex_assurance_must_be_quoted,115000.0
base+data_low,4,opex_total,4171658.1
base+data_low,4,prephase_cost,0.0
base+data_low,4,ebitda,-2597226.36
base+data_low,4,net_burn,2597226.36
base+data_low,4,cumulative_burn,6675948.6
base+data_low,4,equity_raised,12000000.0
base+data_low,4,cash_end,10481178.78
base+data_low,4,runway_months,42.9
base+data_low,4,headcount_end,26
base+data_low,4,logos_total,95.79
base+data_low,4,logos_S1,13.86
base+data_low,4,logos_S2,26.38
base+data_low,4,logos_S3,53.37
base+data_low,4,logos_S4,2.18
base+data_low,4,heads_software_engineer,9
base+data_low,4,heads_neuro_data_scientist,2
base+data_low,4,heads_devops_security,2
base+data_low,4,heads_product_designer,1
base+data_low,4,heads_regulatory_qa,2
base+data_low,4,heads_account_exec,3
base+data_low,4,heads_customer_success,3
base+data_low,4,heads_marketing_devrel,2
base+data_low,4,heads_g_and_a_ops,1
base+data_low,4,heads_founder,1
base+data_low,4,revenue_data_asset_UPSIDE,84000.0
base+data_low,4,arr_end_incl_data_UPSIDE,2362190.97
base+data_low,5,arr_end_billed,3627753.07
base+data_low,5,arr_end_list,3627753.07
base+data_low,5,revenue_recognised,3464343.1
base+data_low,5,revenue_subscription,2976343.1
base+data_low,5,revenue_services,360000.0
base+data_low,5,design_partner_discount,0.0
base+data_low,5,cogs,887817.11
base+data_low,5,gross_margin_pct,74.37
base+data_low,5,opex_rd,3322078.22
base+data_low,5,opex_sm_people_commission,1360320.3
base+data_low,5,opex_marketing_programme,500000.0
base+data_low,5,opex_ga,618870.85
base+data_low,5,opex_assurance_must_be_quoted,125000.0
base+data_low,5,opex_total,5926269.37
base+data_low,5,prephase_cost,0.0
base+data_low,5,ebitda,-3349743.37
base+data_low,5,net_burn,3349743.37
base+data_low,5,cumulative_burn,10025691.97
base+data_low,5,equity_raised,0.0
base+data_low,5,cash_end,7131435.4
base+data_low,5,runway_months,24.52
base+data_low,5,headcount_end,34
base+data_low,5,logos_total,139.7
base+data_low,5,logos_S1,20.44
base+data_low,5,logos_S2,37.73
base+data_low,5,logos_S3,77.01
base+data_low,5,logos_S4,4.52
base+data_low,5,heads_software_engineer,11
base+data_low,5,heads_neuro_data_scientist,3
base+data_low,5,heads_devops_security,2
base+data_low,5,heads_product_designer,2
base+data_low,5,heads_regulatory_qa,2
base+data_low,5,heads_account_exec,4
base+data_low,5,heads_customer_success,4
base+data_low,5,heads_marketing_devrel,3
base+data_low,5,heads_g_and_a_ops,2
base+data_low,5,heads_founder,1
base+data_low,5,revenue_data_asset_UPSIDE,128000.0
base+data_low,5,arr_end_incl_data_UPSIDE,3755753.07
base+data_mid,1,arr_end_billed,0.0
base+data_mid,1,arr_end_list,0.0
base+data_mid,1,revenue_recognised,55000.0
base+data_mid,1,revenue_subscription,0.0
base+data_mid,1,revenue_services,40000.0
base+data_mid,1,design_partner_discount,0.0
base+data_mid,1,cogs,28525.0
base+data_mid,1,gross_margin_pct,48.14
base+data_mid,1,opex_rd,216023.42
base+data_mid,1,opex_sm_people_commission,0.0
base+data_mid,1,opex_marketing_programme,13333.33
base+data_mid,1,opex_ga,102563.32
base+data_mid,1,opex_assurance_must_be_quoted,27800.74
base+data_mid,1,opex_total,359720.82
base+data_mid,1,prephase_cost,102648.13
base+data_mid,1,ebitda,-333245.82
base+data_mid,1,net_burn,333245.82
base+data_mid,1,cumulative_burn,333245.82
base+data_mid,1,equity_raised,1157127.38
base+data_mid,1,cash_end,823881.56
base+data_mid,1,runway_months,13.4
base+data_mid,1,headcount_end,5
base+data_mid,1,logos_total,0.0
base+data_mid,1,logos_S1,0.0
base+data_mid,1,logos_S2,0.0
base+data_mid,1,logos_S3,0.0
base+data_mid,1,logos_S4,0.0
base+data_mid,1,heads_software_engineer,3
base+data_mid,1,heads_neuro_data_scientist,1
base+data_mid,1,heads_devops_security,0
base+data_mid,1,heads_product_designer,0
base+data_mid,1,heads_regulatory_qa,0
base+data_mid,1,heads_account_exec,0
base+data_mid,1,heads_customer_success,0
base+data_mid,1,heads_marketing_devrel,0
base+data_mid,1,heads_g_and_a_ops,0
base+data_mid,1,heads_founder,1
base+data_mid,1,revenue_data_asset_UPSIDE,15000.0
base+data_mid,1,arr_end_incl_data_UPSIDE,15000.0
base+data_mid,2,arr_end_billed,282486.9
base+data_mid,2,arr_end_list,403728.58
base+data_mid,2,revenue_recognised,326447.87
base+data_mid,2,revenue_subscription,106447.87
base+data_mid,2,revenue_services,160000.0
base+data_mid,2,design_partner_discount,45931.31
base+data_mid,2,cogs,139321.76
base+data_mid,2,gross_margin_pct,57.32
base+data_mid,2,opex_rd,943874.05
base+data_mid,2,opex_sm_people_commission,71670.96
base+data_mid,2,opex_marketing_programme,100000.0
base+data_mid,2,opex_ga,276000.0
base+data_mid,2,opex_assurance_must_be_quoted,160000.0
base+data_mid,2,opex_total,1551545.0
base+data_mid,2,prephase_cost,0.0
base+data_mid,2,ebitda,-1364418.89
base+data_mid,2,net_burn,1364418.89
base+data_mid,2,cumulative_burn,1697664.7
base+data_mid,2,equity_raised,4000000.0
base+data_mid,2,cash_end,3459462.68
base+data_mid,2,runway_months,21.92
base+data_mid,2,headcount_end,13
base+data_mid,2,logos_total,19.04
base+data_mid,2,logos_S1,3.23
base+data_mid,2,logos_S2,5.63
base+data_mid,2,logos_S3,10.18
base+data_mid,2,logos_S4,0.0
base+data_mid,2,heads_software_engineer,5
base+data_mid,2,heads_neuro_data_scientist,1
base+data_mid,2,heads_devops_security,1
base+data_mid,2,heads_product_designer,1
base+data_mid,2,heads_regulatory_qa,1
base+data_mid,2,heads_account_exec,1
base+data_mid,2,heads_customer_success,1
base+data_mid,2,heads_marketing_devrel,1
base+data_mid,2,heads_g_and_a_ops,0
base+data_mid,2,heads_founder,1
base+data_mid,2,revenue_data_asset_UPSIDE,60000.0
base+data_mid,2,arr_end_incl_data_UPSIDE,342486.9
base+data_mid,3,arr_end_billed,1145247.81
base+data_mid,3,arr_end_list,1202748.92
base+data_mid,3,revenue_recognised,1144823.36
base+data_mid,3,revenue_subscription,676823.36
base+data_mid,3,revenue_services,240000.0
base+data_mid,3,design_partner_discount,125676.43
base+data_mid,3,cogs,393550.3
base+data_mid,3,gross_margin_pct,65.62
base+data_mid,3,opex_rd,1836768.53
base+data_mid,3,opex_sm_people_commission,505428.73
base+data_mid,3,opex_marketing_programme,200000.0
base+data_mid,3,opex_ga,295333.33
base+data_mid,3,opex_assurance_must_be_quoted,110000.0
base+data_mid,3,opex_total,2947530.6
base+data_mid,3,prephase_cost,0.0
base+data_mid,3,ebitda,-2196257.54
base+data_mid,3,net_burn,2196257.54
base+data_mid,3,cumulative_burn,3893922.25
base+data_mid,3,equity_raised,0.0
base+data_mid,3,cash_end,1263205.13
base+data_mid,3,runway_months,7.86
base+data_mid,3,headcount_end,14
base+data_mid,3,logos_total,53.99
base+data_mid,3,logos_S1,8.32
base+data_mid,3,logos_S2,15.14
base+data_mid,3,logos_S3,29.88
base+data_mid,3,logos_S4,0.65
base+data_mid,3,heads_software_engineer,6
base+data_mid,3,heads_neuro_data_scientist,1
base+data_mid,3,heads_devops_security,1
base+data_mid,3,heads_product_designer,1
base+data_mid,3,heads_regulatory_qa,1
base+data_mid,3,heads_account_exec,1
base+data_mid,3,heads_customer_success,1
base+data_mid,3,heads_marketing_devrel,1
base+data_mid,3,heads_g_and_a_ops,0
base+data_mid,3,heads_founder,1
base+data_mid,3,revenue_data_asset_UPSIDE,228000.0
base+data_mid,3,arr_end_incl_data_UPSIDE,1373247.81
base+data_mid,4,arr_end_billed,2278190.97
base+data_mid,4,arr_end_list,2278190.97
base+data_mid,4,revenue_recognised,2543077.99
base+data_mid,4,revenue_subscription,1747077.99
base+data_mid,4,revenue_services,300000.0
base+data_mid,4,design_partner_discount,7135.05
base+data_mid,4,cogs,639046.25
base+data_mid,4,gross_margin_pct,74.87
base+data_mid,4,opex_rd,2374430.09
base+data_mid,4,opex_sm_people_commission,783362.36
base+data_mid,4,opex_marketing_programme,350000.0
base+data_mid,4,opex_ga,548865.65
base+data_mid,4,opex_assurance_must_be_quoted,115000.0
base+data_mid,4,opex_total,4171658.1
base+data_mid,4,prephase_cost,0.0
base+data_mid,4,ebitda,-2267626.36
base+data_mid,4,net_burn,2267626.36
base+data_mid,4,cumulative_burn,6161548.6
base+data_mid,4,equity_raised,12000000.0
base+data_mid,4,cash_end,10995578.78
base+data_mid,4,runway_months,50.71
base+data_mid,4,headcount_end,26
base+data_mid,4,logos_total,95.79
base+data_mid,4,logos_S1,13.86
base+data_mid,4,logos_S2,26.38
base+data_mid,4,logos_S3,53.37
base+data_mid,4,logos_S4,2.18
base+data_mid,4,heads_software_engineer,9
base+data_mid,4,heads_neuro_data_scientist,2
base+data_mid,4,heads_devops_security,2
base+data_mid,4,heads_product_designer,1
base+data_mid,4,heads_regulatory_qa,2
base+data_mid,4,heads_account_exec,3
base+data_mid,4,heads_customer_success,3
base+data_mid,4,heads_marketing_devrel,2
base+data_mid,4,heads_g_and_a_ops,1
base+data_mid,4,heads_founder,1
base+data_mid,4,revenue_data_asset_UPSIDE,496000.0
base+data_mid,4,arr_end_incl_data_UPSIDE,2774190.97
base+data_mid,5,arr_end_billed,3627753.07
base+data_mid,5,arr_end_list,3627753.07
base+data_mid,5,revenue_recognised,4136343.1
base+data_mid,5,revenue_subscription,2976343.1
base+data_mid,5,revenue_services,360000.0
base+data_mid,5,design_partner_discount,0.0
base+data_mid,5,cogs,1022217.11
base+data_mid,5,gross_margin_pct,75.29
base+data_mid,5,opex_rd,3322078.22
base+data_mid,5,opex_sm_people_commission,1360320.3
base+data_mid,5,opex_marketing_programme,500000.0
base+data_mid,5,opex_ga,618870.85
base+data_mid,5,opex_assurance_must_be_quoted,125000.0
base+data_mid,5,opex_total,5926269.37
base+data_mid,5,prephase_cost,0.0
base+data_mid,5,ebitda,-2812143.37
base+data_mid,5,net_burn,2812143.37
base+data_mid,5,cumulative_burn,8973691.97
base+data_mid,5,equity_raised,0.0
base+data_mid,5,cash_end,8183435.4
base+data_mid,5,runway_months,33.25
base+data_mid,5,headcount_end,34
base+data_mid,5,logos_total,139.7
base+data_mid,5,logos_S1,20.44
base+data_mid,5,logos_S2,37.73
base+data_mid,5,logos_S3,77.01
base+data_mid,5,logos_S4,4.52
base+data_mid,5,heads_software_engineer,11
base+data_mid,5,heads_neuro_data_scientist,3
base+data_mid,5,heads_devops_security,2
base+data_mid,5,heads_product_designer,2
base+data_mid,5,heads_regulatory_qa,2
base+data_mid,5,heads_account_exec,4
base+data_mid,5,heads_customer_success,4
base+data_mid,5,heads_marketing_devrel,3
base+data_mid,5,heads_g_and_a_ops,2
base+data_mid,5,heads_founder,1
base+data_mid,5,revenue_data_asset_UPSIDE,800000.0
base+data_mid,5,arr_end_incl_data_UPSIDE,4427753.07
base+data_high,1,arr_end_billed,0.0
base+data_high,1,arr_end_list,0.0
base+data_high,1,revenue_recognised,80000.0
base+data_high,1,revenue_subscription,0.0
base+data_high,1,revenue_services,40000.0
base+data_high,1,design_partner_discount,0.0
base+data_high,1,cogs,33525.0
base+data_high,1,gross_margin_pct,58.09
base+data_high,1,opex_rd,216023.42
base+data_high,1,opex_sm_people_commission,0.0
base+data_high,1,opex_marketing_programme,13333.33
base+data_high,1,opex_ga,102563.32
base+data_high,1,opex_assurance_must_be_quoted,27800.74
base+data_high,1,opex_total,359720.82
base+data_high,1,prephase_cost,102648.13
base+data_high,1,ebitda,-313245.82
base+data_high,1,net_burn,313245.82
base+data_high,1,cumulative_burn,313245.82
base+data_high,1,equity_raised,1157127.38
base+data_high,1,cash_end,843881.56
base+data_high,1,runway_months,14.11
base+data_high,1,headcount_end,5
base+data_high,1,logos_total,0.0
base+data_high,1,logos_S1,0.0
base+data_high,1,logos_S2,0.0
base+data_high,1,logos_S3,0.0
base+data_high,1,logos_S4,0.0
base+data_high,1,heads_software_engineer,3
base+data_high,1,heads_neuro_data_scientist,1
base+data_high,1,heads_devops_security,0
base+data_high,1,heads_product_designer,0
base+data_high,1,heads_regulatory_qa,0
base+data_high,1,heads_account_exec,0
base+data_high,1,heads_customer_success,0
base+data_high,1,heads_marketing_devrel,0
base+data_high,1,heads_g_and_a_ops,0
base+data_high,1,heads_founder,1
base+data_high,1,revenue_data_asset_UPSIDE,40000.0
base+data_high,1,arr_end_incl_data_UPSIDE,40000.0
base+data_high,2,arr_end_billed,282486.9
base+data_high,2,arr_end_list,403728.58
base+data_high,2,revenue_recognised,446447.87
base+data_high,2,revenue_subscription,106447.87
base+data_high,2,revenue_services,160000.0
base+data_high,2,design_partner_discount,45931.31
base+data_high,2,cogs,163321.76
base+data_high,2,gross_margin_pct,63.42
base+data_high,2,opex_rd,943874.05
base+data_high,2,opex_sm_people_commission,71670.96
base+data_high,2,opex_marketing_programme,100000.0
base+data_high,2,opex_ga,276000.0
base+data_high,2,opex_assurance_must_be_quoted,160000.0
base+data_high,2,opex_total,1551545.0
base+data_high,2,prephase_cost,0.0
base+data_high,2,ebitda,-1268418.89
base+data_high,2,net_burn,1268418.89
base+data_high,2,cumulative_burn,1581664.7
base+data_high,2,equity_raised,4000000.0
base+data_high,2,cash_end,3575462.68
base+data_high,2,runway_months,23.87
base+data_high,2,headcount_end,13
base+data_high,2,logos_total,19.04
base+data_high,2,logos_S1,3.23
base+data_high,2,logos_S2,5.63
base+data_high,2,logos_S3,10.18
base+data_high,2,logos_S4,0.0
base+data_high,2,heads_software_engineer,5
base+data_high,2,heads_neuro_data_scientist,1
base+data_high,2,heads_devops_security,1
base+data_high,2,heads_product_designer,1
base+data_high,2,heads_regulatory_qa,1
base+data_high,2,heads_account_exec,1
base+data_high,2,heads_customer_success,1
base+data_high,2,heads_marketing_devrel,1
base+data_high,2,heads_g_and_a_ops,0
base+data_high,2,heads_founder,1
base+data_high,2,revenue_data_asset_UPSIDE,180000.0
base+data_high,2,arr_end_incl_data_UPSIDE,462486.9
base+data_high,3,arr_end_billed,1145247.81
base+data_high,3,arr_end_list,1202748.92
base+data_high,3,revenue_recognised,1456823.36
base+data_high,3,revenue_subscription,676823.36
base+data_high,3,revenue_services,240000.0
base+data_high,3,design_partner_discount,125676.43
base+data_high,3,cogs,455950.3
base+data_high,3,gross_margin_pct,68.7
base+data_high,3,opex_rd,1868962.82
base+data_high,3,opex_sm_people_commission,519916.16
base+data_high,3,opex_marketing_programme,200000.0
base+data_high,3,opex_ga,326333.33
base+data_high,3,opex_assurance_must_be_quoted,110000.0
base+data_high,3,opex_total,3025212.32
base+data_high,3,prephase_cost,0.0
base+data_high,3,ebitda,-2024339.26
base+data_high,3,net_burn,2024339.26
base+data_high,3,cumulative_burn,3606003.96
base+data_high,3,equity_raised,0.0
base+data_high,3,cash_end,1551123.42
base+data_high,3,runway_months,9.36
base+data_high,3,headcount_end,17
base+data_high,3,logos_total,53.99
base+data_high,3,logos_S1,8.32
base+data_high,3,logos_S2,15.14
base+data_high,3,logos_S3,29.88
base+data_high,3,logos_S4,0.65
base+data_high,3,heads_software_engineer,7
base+data_high,3,heads_neuro_data_scientist,2
base+data_high,3,heads_devops_security,1
base+data_high,3,heads_product_designer,1
base+data_high,3,heads_regulatory_qa,1
base+data_high,3,heads_account_exec,2
base+data_high,3,heads_customer_success,1
base+data_high,3,heads_marketing_devrel,1
base+data_high,3,heads_g_and_a_ops,0
base+data_high,3,heads_founder,1
base+data_high,3,revenue_data_asset_UPSIDE,540000.0
base+data_high,3,arr_end_incl_data_UPSIDE,1685247.81
base+data_high,4,arr_end_billed,2278190.97
base+data_high,4,arr_end_list,2278190.97
base+data_high,4,revenue_recognised,3467077.99
base+data_high,4,revenue_subscription,1747077.99
base+data_high,4,revenue_services,300000.0
base+data_high,4,design_partner_discount,7135.05
base+data_high,4,cogs,837939.3
base+data_high,4,gross_margin_pct,75.83
base+data_high,4,opex_rd,2473910.43
base+data_high,4,opex_sm_people_commission,842221.57
base+data_high,4,opex_marketing_programme,350000.0
base+data_high,4,opex_ga,543095.05
base+data_high,4,opex_assurance_must_be_quoted,115000.0
base+data_high,4,opex_total,4324227.05
base+data_high,4,prephase_cost,0.0
base+data_high,4,ebitda,-1695088.36
base+data_high,4,net_burn,1695088.36
base+data_high,4,cumulative_burn,5301092.32
base+data_high,4,equity_raised,12000000.0
base+data_high,4,cash_end,11856035.05
base+data_high,4,runway_months,76.37
base+data_high,4,headcount_end,26
base+data_high,4,logos_total,95.79
base+data_high,4,logos_S1,13.86
base+data_high,4,logos_S2,26.38
base+data_high,4,logos_S3,53.37
base+data_high,4,logos_S4,2.18
base+data_high,4,heads_software_engineer,9
base+data_high,4,heads_neuro_data_scientist,2
base+data_high,4,heads_devops_security,2
base+data_high,4,heads_product_designer,1
base+data_high,4,heads_regulatory_qa,2
base+data_high,4,heads_account_exec,3
base+data_high,4,heads_customer_success,3
base+data_high,4,heads_marketing_devrel,2
base+data_high,4,heads_g_and_a_ops,1
base+data_high,4,heads_founder,1
base+data_high,4,revenue_data_asset_UPSIDE,1420000.0
base+data_high,4,arr_end_incl_data_UPSIDE,3698190.97
base+data_high,5,arr_end_billed,3627753.07
base+data_high,5,arr_end_list,3627753.07
base+data_high,5,revenue_recognised,5736343.1
base+data_high,5,revenue_subscription,2976343.1
base+data_high,5,revenue_services,360000.0
base+data_high,5,design_partner_discount,0.0
base+data_high,5,cogs,1342217.11
base+data_high,5,gross_margin_pct,76.6
base+data_high,5,opex_rd,3322078.22
base+data_high,5,opex_sm_people_commission,1360320.3
base+data_high,5,opex_marketing_programme,500000.0
base+data_high,5,opex_ga,618870.85
base+data_high,5,opex_assurance_must_be_quoted,125000.0
base+data_high,5,opex_total,5926269.37
base+data_high,5,prephase_cost,0.0
base+data_high,5,ebitda,-1532143.37
base+data_high,5,net_burn,1532143.37
base+data_high,5,cumulative_burn,6833235.7
base+data_high,5,equity_raised,0.0
base+data_high,5,cash_end,10323891.68
base+data_high,5,runway_months,74.04
base+data_high,5,headcount_end,34
base+data_high,5,logos_total,139.7
base+data_high,5,logos_S1,20.44
base+data_high,5,logos_S2,37.73
base+data_high,5,logos_S3,77.01
base+data_high,5,logos_S4,4.52
base+data_high,5,heads_software_engineer,11
base+data_high,5,heads_neuro_data_scientist,3
base+data_high,5,heads_devops_security,2
base+data_high,5,heads_product_designer,2
base+data_high,5,heads_regulatory_qa,2
base+data_high,5,heads_account_exec,4
base+data_high,5,heads_customer_success,4
base+data_high,5,heads_marketing_devrel,3
base+data_high,5,heads_g_and_a_ops,2
base+data_high,5,heads_founder,1
base+data_high,5,revenue_data_asset_UPSIDE,2400000.0
base+data_high,5,arr_end_incl_data_UPSIDE,6027753.07
