# ALL VALUES ESTIMATE. NOK. FX 9.5063 NOK/USD (Norges Bank 2026-09-25). Grants conditional on the AS existing and on approval; SkatteFUNN cash via tax settlement (month UNVERIFIED).
mode,grants,month,cost_nok,grant_in_nok,cash_end_nok
lean,no,1,55514,0,944486
lean,no,2,65514,0,878973
lean,no,3,45514,0,833459
lean,no,4,110029,0,723430
lean,no,5,50029,0,673401
lean,no,6,50029,0,623372
lean,no,7,50029,0,573343
lean,no,8,50029,0,523314
lean,no,9,50029,0,473285
lean,no,10,50029,0,423256
lean,no,11,50029,0,373227
lean,no,12,50029,0,323198
lean,no,13,50029,0,273169
lean,no,14,50029,0,223140
lean,no,15,50029,0,173111
lean,no,16,50029,0,123082
lean,no,17,50029,0,73053
lean,no,18,50029,0,23024
lean,no,19,50029,0,-27005
lean,no,20,50029,0,-77034
lean,no,21,50029,0,-127063
lean,no,22,50029,0,-177093
lean,no,23,50029,0,-227122
lean,no,24,50029,0,-277151
lean,no,25,50029,0,-327180
lean,no,26,50029,0,-377209
lean,no,27,50029,0,-427238
lean,no,28,50029,0,-477267
lean,no,29,50029,0,-527296
lean,no,30,50029,0,-577325
lean,no,31,50029,0,-627354
lean,no,32,50029,0,-677383
lean,no,33,50029,0,-727412
lean,no,34,50029,0,-777441
lean,no,35,50029,0,-827470
lean,no,36,50029,0,-877499
lean,yes,1,55514,0,944486
lean,yes,2,65514,0,878973
lean,yes,3,45514,0,833459
lean,yes,4,110029,0,723430
lean,yes,5,50029,150000,823401
lean,yes,6,50029,0,773372
lean,yes,7,50029,0,723343
lean,yes,8,50029,0,673314
lean,yes,9,50029,0,623285
lean,yes,10,50029,0,573256
lean,yes,11,50029,0,523227
lean,yes,12,50029,0,473198
lean,yes,13,50029,0,423169
lean,yes,14,50029,0,373140
lean,yes,15,50029,0,323111
lean,yes,16,50029,0,273082
lean,yes,17,50029,0,223053
lean,yes,18,50029,0,173024
lean,yes,19,50029,0,122995
lean,yes,20,50029,0,72966
lean,yes,21,50029,62921,85857
lean,yes,22,50029,0,35828
lean,yes,23,50029,0,-14201
lean,yes,24,50029,0,-64230
lean,yes,25,50029,0,-114259
lean,yes,26,50029,0,-164288
lean,yes,27,50029,0,-214317
lean,yes,28,50029,0,-264346
lean,yes,29,50029,0,-314375
lean,yes,30,50029,0,-364404
lean,yes,31,50029,0,-414433
lean,yes,32,50029,0,-464462
lean,yes,33,50029,0,-514491
lean,yes,34,50029,0,-564520
lean,yes,35,50029,0,-614549
lean,yes,36,50029,0,-664578
small_team,no,1,114636,0,885364
small_team,no,2,124636,0,760729
small_team,no,3,104636,0,656093
small_team,no,4,174379,0,481714
small_team,no,5,114379,0,367334
small_team,no,6,114379,0,252955
small_team,no,7,114379,0,138576
small_team,no,8,114379,0,24196
small_team,no,9,114379,0,-90183
small_team,no,10,114379,0,-204563
small_team,no,11,114379,0,-318942
small_team,no,12,114379,0,-433322
small_team,no,13,114379,0,-547701
small_team,no,14,114379,0,-662081
small_team,no,15,114379,0,-776460
small_team,no,16,114379,0,-890840
small_team,no,17,114379,0,-1005219
small_team,no,18,114379,0,-1119599
small_team,no,19,114379,0,-1233978
small_team,no,20,114379,0,-1348358
small_team,no,21,114379,0,-1462737
small_team,no,22,114379,0,-1577117
small_team,no,23,114379,0,-1691496
small_team,no,24,114379,0,-1805876
small_team,no,25,114379,0,-1920255
small_team,no,26,114379,0,-2034635
small_team,no,27,114379,0,-2149014
small_team,no,28,114379,0,-2263394
small_team,no,29,114379,0,-2377773
small_team,no,30,114379,0,-2492152
small_team,no,31,114379,0,-2606532
small_team,no,32,114379,0,-2720911
small_team,no,33,114379,0,-2835291
small_team,no,34,114379,0,-2949670
small_team,no,35,114379,0,-3064050
small_team,no,36,114379,0,-3178429
small_team,yes,1,114636,0,885364
small_team,yes,2,124636,0,760729
small_team,yes,3,104636,0,656093
small_team,yes,4,174379,0,481714
small_team,yes,5,114379,150000,517334
small_team,yes,6,114379,0,402955
small_team,yes,7,114379,0,288576
small_team,yes,8,114379,0,174196
small_team,yes,9,114379,0,59817
small_team,yes,10,114379,0,-54563
small_team,yes,11,114379,0,-168942
small_team,yes,12,114379,0,-283322
small_team,yes,13,114379,0,-397701
small_team,yes,14,114379,0,-512081
small_team,yes,15,114379,0,-626460
small_team,yes,16,114379,0,-740840
small_team,yes,17,114379,0,-855219
small_team,yes,18,114379,0,-969599
small_team,yes,19,114379,0,-1083978
small_team,yes,20,114379,0,-1198358
small_team,yes,21,114379,155004,-1157734
small_team,yes,22,114379,0,-1272113
small_team,yes,23,114379,0,-1386493
small_team,yes,24,114379,0,-1500872
small_team,yes,25,114379,0,-1615252
small_team,yes,26,114379,0,-1729631
small_team,yes,27,114379,0,-1844010
small_team,yes,28,114379,0,-1958390
small_team,yes,29,114379,0,-2072769
small_team,yes,30,114379,0,-2187149
small_team,yes,31,114379,0,-2301528
small_team,yes,32,114379,0,-2415908
small_team,yes,33,114379,0,-2530287
small_team,yes,34,114379,0,-2644667
small_team,yes,35,114379,0,-2759046
small_team,yes,36,114379,0,-2873426
